Author,ISBN,Title,Quantity,Semester,Discrepancies between Netsuite Quantity,,
"Ackerley, C",9780802140494,Grove Companion to Samuel Beckett,1,185,,,
Aeschylus,9780226311470,Aeschylus II,12,191,,,
"Agle, B",9780991091034,The Business Ethics Field Guide,2,195,,,
"Al-Hakim, T",9781588268174,Return of the Spirit,5,191,,,
Alba,9781563282133,Manual de fonetica hispanica,1,193,,,
"Albrecht, W",9781305079144,Fraud Examination 5E,1,191,,,
"Aleinikoff, T",9781634599283,Immigration & Citizenship: Process and Policy 8E,2,191,,,
"Alexander, C",9780375404030,The Endurance,8,191,,,
"Allen, J",9781626610187,More Than Just Fairy Tales,4,181,,,
"Allsen,P",9780757559327,Strength Training,1,195,,,
"Andersen, H",9780393060812,Annotated Hans Christian Andersen,7,181,,,
"Anderson, J",9781571104120,Mechanically Inclined,2,195,,,
"Anderson, N",9781451001891,Added Upon,7,191,,,
"Anderson, R",9781577664857,Beginning Piano techniques,1,195,,,
"Andrews, G",9780486682525,Number Theory,9,191,,,
"Anzaldua, G",9781879960855,Borderland La Frontera,5,191,,,
"Appleyard, D",9780078021671,International Economics,4,183,,,
"Applyard, D",9781259290626,International Economics 9E,3,191,,,
Arbinger Inst,9781626567153,The Outard Mindset,2,191,,,
"Archer, J",9780787910266,Counseling and Mental Health Services on Campus,3,193,,,
"Arnold, J",9781942799856,New Ways in Teaching w/ Music,2,NA,,,
"Arvin, G",9780793559381,15 American Art Songs - Low Voice,3,185,,,
"Attar, F",9780140444346,Conference of the Bird,2,191,,,
"Audesirk, G",9780134168296,Biology : Life On Earth 11E Book Only,9,193,,,
"Azar, B",9780134646114,Basic English Grammar 4E,1,NA,,,
"Azar, B",9780132455466,Understanding and Using English Grammar,14,NA,,,
"Bachelard, G",9789681609238,La Poetica del Espacio,2,185,,,
"Bachmann, K",9781560981749,Conservation Concerns A Gde for Collectors & Curators,1,191,,,
Balmer,9780231165990,Mormonism and American Politics,2,185,,,
"Bard, K",9780470673362,An Introduction to the Archeology of Ancient Egypt 2E,1,185,,,
"Barker, J",9781442635920,Ancestral Lines,3,185,,,
"Barlow, D",9781305950443,Abnormal Psychology 8E,2,191,,,
"Barrett, C",9780415778343,Overseas Research: A Practical Guide,2,191,,,
"Baruh, H",9781482250732,Applied Dynamics,1,171,,,
"Bauer, L",9780140260236,Language Myths,1,191,,,
"Bauman, Z",9780631219293,Thinking Sociologically 2E,10,191,,,
"Baye, M",9780073523224,Managerial Econonomics and Business Strategy 8E,3,191,,,
"Baye, W",9781259290619,Managerial Economics & Business Strategy 9E,1,195,,,
"Bayles, D",9780961454739,Art & Fear,1,193,,,
"Baym, N",9780393913095,Norton Anth Of Amer Lit 8E Vol A & B,1,181,,,
"Bean, J",9780470532904,Engaging Ideas: Professors Guide 2E,2,191,,,
"Bear, M",9780781778176,Neuroscience,1,195,,,
"Beckett, S",9780802132871,"I Can't Go On, I'll Go On",1,185,,,
Beer,9780077687342,Vector Mechanics for Engineers: Dynamics,1,195,,,
"Behrman, A",9781597564816,Speech & Voice Science 2E,10,195,,,
"Belk, M",9781323649015,Biology Science For Life,7,175,,,
"Bellamy, E",9781420957686,Looking Backards,4,191,,,
"Bendroth, M",9780802868978,The Spiritual Practice of Remembering,1,195,,,
"Benjamin, J",9781319027513,Student's Guide To History 13E,2,191,,,
"Benjamin, L",9781118206775,A Brief History of Modern Psychology 2e,1,193,,,
"Bennet,E",9780130454324,Working with People who Stutter,1,193,,,
"Bentley, J",9780077412067,Traditions and Encounters 3E Vol. 2,30,185,,,
Bird,9780470115398,Transport Phenomena,1,185,,,
Bodie,9780077861674,Investments 10E,2,185,,,
"Bolton, R. ",9781631575358,The New Era of the CCO,1,185,,,
"Bosher, J",9780393959970,French Revolution,3,181,,,
"Boulin, J",9782234059238,Suppl√©ment Au Roman National,7,183,,,
"Bourel, G",9782218998638,Chronologie de l'Histoire de France,2,184,,,
"Boyle, M",9781337046350,Community Nutrition in Action,7,195,,,
"Bradford, M",9780934893688,Uncovering Original Text Of The Book Of Mormon,3,181,,,
"Brecht, B",9783518188255,Det gute Mensch von Sezuan,17,195,,,
"Breithaupt, R",9786740691111,The Complete Percussionist ,1,185,,,
"Brewer, R",9781440347733,Writer's Market 2017,1,NA,,,
Brigham Young Univ.,9781269505543,Mmbio 221 Microbiology Byu Pkg,1,185,,,
"Brint, S",9780804782470,Schools and Society 3E,1,191,,,
"Bronte, E",9780486292564,Wuthering Heights,2,185,,,
"Brooks, M",9781640120334,Strategy strikes back: How Starwars expl....,1,185,,,
"Brough, R. ",9786744353749,Percussion Techniques DVD,2,175,,,
"Brown, B",9780470537565,Multivariate Analysis & Biobehav Soc Sci,5,191,,,
"Brown, J",9781305318366,Nutrition Through The Life Cycle - Byu Custom,6,181,,,
"Brown, L",9781945527142,How Films Tell stories,3,191,,,
"Brustad, K",9781589016323,Alif Baa,1,195,,,
"Buck, W",9780520272989,Ramayana 35Th Anniv Ed,1,191,,,
Buffman,9781936764891,Uniting Academic and Behaivoir Interventions,1,185,,,
"Bugul, K",9782708707306,"Riwan ou, Le Chemin de Sable",2,181,,,
Bulliet,9781285436913,The Earth and Its Peoples,9,181,,,
"Bulliet, R",9781285436968,Earth & Its Peoples Vol 2 6E,33,185,,,
"Bullough, R",9780807740453,Uncertain Lives,13,181,,,
"Burden, P",9781119352891,Classroom management,1,195,,,
"Burnett, B",9781101875322,Bill Burnett and Dave Evans Designing Your Life,1,195,,,
"Burnett, B",9781524761813,The Designing Your Life Workbook,1,185,,,
"Byock, J",9781481175265,Viking Language 2 Learn Old Norse Runes & Icelandic Sagas,3,191,,,
"Byock, J",9781480216440,Viking Language 1 Learn Old Norse Runes & Icelandic Sagas,1,191,,,
BYU Geol Dept,9786422257826,Geologic Map of the Y Mountain Area,24,191,,,
BYU Geology Dept,9786422257819,Rock Canyon Field Guide,27,191,,,
Byu Literature,9786745451888,David O Mckay Essays 2018,5,191,,,
"Cabeza De Vaca, A",9780803264168,Narrative Of Cabeza De Vaca,1,195,,,
"Cadalso, J",9788437618104,Cartas Marruecas/Noches Lugubres (Catedra),9,183,,,
"Caldarone, M",9780896762527,Actions: Actors' Thesaurus,10,195,,,
"Calderon, P",9788437628554,LA DAMA DUENDE,3,191,,,
"Calvino, I",9780156453806,Invisible Cities,2,191,,,
"Cantarino, V",9780131946385,Civilizacion Y Cultura De Espana 5E,1,191,,,
"Carlson, M",9780996381611,Pathways To College Algebra Wkbk,9,181,,,
"Carpentier, A",9789682303821,El Arpa y El Sombra,12,191,,,
"Carroll, L",9780486275437,Alice's Adventurs in Wonderland,5,191,,,
"Casares, B",9788420672731,La Invencion de Morel,2,195,,,
"Castellanos, R",9786071622082,Balun Canan,1,181,,,
"Cateora, P",9780077842161,International Markting 17E,2,191,,,
"Catford, J C",9780199246359,Practical Intro To Phonetics 2E,1,185,,,
"Cavage, C",9780134400273,University Success,11,NA,,,
"Cavanaugh, J",9781285444918,Adult development and Aging,15,185,,,
"Cavanaugh, J",9781337559089,Adult Development and Aging 8E,1,195,,,
"Cecchetti, S",9781259746741,"Money, Banking, and Financial Markets",65,191,,,
"Cengel, Y",9780073529325,Thermodynamics 7E,1,183,,,
"Cervantes, M",9788437601182,Don Quijote de la Mancha,8,185,,,
Chabner,9781437705706,Language Of Medicine W/Cd 9E,1,NA,,,
"Chamberlain, R",9780974234618,Ready to Play: Mental Training for Student-Athletes 2E,1,191,,,
Champeny,9781626808546,Imaginez 3-H,4,184,,,
"Chinni, D",9781592406708,Our Patchwork Nation,16,181,,,
"Cho, Y",9780824835156,Integrated Korean : Beginning 2 2E,3,191,,,
"Choi, E",9788953934344,Seoul National University Korean Language 4A Student's Book,1,195,,,
"Choi, S",9781609304195,Securities Regulation 4E,4,,,,
Christensen,9780078025877,Advanced Financial Accounting 11E,8,181,,,
"Christensen, M",9780804844697,A Geek in China,1,191,,,
"Christensen, M",9781477310816,The Teabo Manuscript,1,191,,,
"Christison, M ",9781932383225,Handbook for Language Program Admins,2,191,,,
Church,9780710512222,Adjusting to Missionary Life,36,181,,,
"Church, P",9780470824818,A Short History of South-East Asia,3,185,,,
Cicero,9780199540112,Republic/Laws,1,193,,,
"Clawson, D",9780199759248,Latin America & Caribbean 5E,5,181,,,
"Clemensson, P",9781593312763,Your Swedish Roots,4,185,,,
"Cleve, B",9780240806952,Film Production Management 3E,1,181,,,
"Cobb, G",9780470412169,Intro to Design and Analysis of Experiments,1,195,,,
"Coe, M",9780500290767,Mexico 7E,2,191,,,
Cohen,9781454852018,Copyright In Global Information Economy,5,191,,,
"Cohen, J",9781477307823,Eating Soup without a Spoon: Anthropoloical Theory...,2,193,,,
"Cohen, J",9781462527779,Trauma-Focused CBT for Children and Adolescents,5,193,,,
"Cohen, M",9786965350008,Agada Shel Safa  (Hebrew What a Language),2,185,,,
"Cohen, M",9780691008240,The Autobiography of a Seventeenth-Century Ventian Rabbi,6,195,,,
"Cole, R",9780195170801,Survey of Subsaharan Africa,5,185,,,
"Collins, S",9781618530745,Skills For Acctg & Auditing Research 2E,1,165,,,
"Collins,A",9780807759066,Rethinking Education in the Age of Technology,2,191,,,
"Condie, K",9780128036891,Earth as an Evolving Planetary System,1,195,,,
"Cone, J",9781591473626,Dissertations and Theses From Start to Finish,2,195,,,
"Coniaris, A",9780937032077,Making God Real In Orthodox Christian Home,5,191,,,
"Cook, M",9780199931774,Struggle For Egypt,1,181,,,
"Cooke, L",9780984522903,The Genealogist's Google Toolbox,4,NA,,,
"Coontz, S",9780143036678,"Marriage, a History",1,195,,,
"Cormer, R",9780756936365,Tenderness,3,195,,,
"Corsini, R",9781285083711,Current Psychotherapies 10e,1,185,,,
Crenshaw,9781462517503,Play Therapy,3,195,,,
"Cristobal , C",9788420691374,Los cuatro viajes. Testamento,2,191,,,
"Crosthwaite, L",9786074212129,Idos de la Mente,9,181,,,
"Crowe, C",9780142501924,Mississippi Trial 1955,1,191,,,
Cunningham,9781285896045,Culture and Values 8E Vol 1 3-Hole,1,181,,,
"Cunningham, L",9781133952435,Culture and Values: Survey of the Humanities 8E V2,1,181,,,
"Cunningham, L",9781133952435,Culture and Values: Survey of the Western Humanities 8E Vol 2,3,181,,,
"D'Ambrogio, K",9780815100966,Positional Release Therapy,1,195,,,
Damrosch,9780205223169,Longman Anth Of Brit Lit Vol 1,1,181,,,
"Damrosch, D",9780205625932,The Longman Anthology: World Literature ,2,195,,,
Dante,9780451531391,The Inferno,1,185,,,
Dante - Penguin,9780142437223,Divine Comedy (V1: Inferno) (Musa) 2E,1,191,,,
Dauster,9780919659391,9 Dramaturgos Hispanoamericanos: Antologia del teatro hispanoamericano del siglo xx,2,185,,,
"Davidson, E",9781480102699,Actionable Evaluation Basics,1,171,,,
"Davis, P",9780395929681,The Mathematical Experience,6,185,,,
"Davys, M",9780813109695,The Reform'd Coquet,1,195,,,
"De Angelis, L",9788874334636,Incontri Con La Poesia Italiana Del Novecento,5,181,,,
"De Bary, W",9780231143233,Sources Of East Asian Tradition Vol 2,11,191,,,
"De Bary, W",9780231143059,Sources Of East Asian Tradition Vol 1,8,191,,,
"De la Barca, C",9788497404471,La Vida Es Sueno,1,195,,,
"De Lery, J",9780520082748,History Of Voyage To Land Of Brazil,1,195,,,
De Luliis,9780123750600,The Dissection of Vertebrates,3,195,,,
"De Navarre, M",9780140443554,Heptameron,3,191,,,
"De Vega, L",9788437602738,FUENTE OVEJUNA (CATEDRA),11,181,,,
Deary,9780192893215,Intelligence,20,191,,,
"Deavellaneda, G",9788437615943,SAB (CATEDRA #437),2,191,,,
"Debecker, G",9780440508830,Gift of Fear,3,191,,,
"Demos, j",9780679759614,The Unredeemed Captive,1,185,,,
"Depizan, C",9780892552306,Book Of The City Of Ladies Rev,4,191,,,
"Desmond, M",9780393937657,Race in America,1,193,,,
"Destler, I",9780881323825,American Trade Politics,18,195,,,
"Deveaux, S",9780393935639,Jazz Essential Listening,1,193,,,
"Diamond, G",9781433815676,Attachment-Based Family Therapy for Depressed Adolescents,2,191,,,
"Dimino, M",9781632833846,Voting Rights and Election Law,1,191,,,
"DiPaolo, M",9780786447183,"War, Politics and Superheroes",1,185,,,
"Dominguez Ortiz, A",9788496467514,Espana Tres milenios de historia,32,181,,,
"Donnelly, J",9780152053109,Northern Light,5,181,,,
Donoghue,9780316098328,Room,1,191,,,
"Dostoevsky, F",9781593081942,House of the Dead & Poor Folk,3,195,,,
"douglas, p",9781615930586,Writing the tv drama series,2,195,,,
"Douglass, f",9780486284996,Narrative of the Life of Frederick Douglass,4,195,,,
"Dressler, J",9781628102055,Criminal Law:Cases And Materials,3,191,,,
Duden,9783411040674,Ausspracheworterbuch Duden Nummer 6 7E,5,195,,,
Duffy,9781509824960,Standing Female Nude,1,191,,,
Dufour,9781943874378,Learning By Doing,3,185,,,
Dunham,9780140147391,Journey through Genius,1,193,,,
"Dunn, F",978156881723,3D Math Primer for Graphics and Game Development,11,NA,,,
"Durham, W",9780735584822,Law and Religion,1,191,,,
"Eberlein, E",9788512546100,Novo Avenida Brasil 3,3,191,,,
"Ebnar-Eschenbach, M",9781571133908,Their Pavel,2,185,,,
"Eddington, D",9781443876384,Statistics For Linguists,5,191,,,
"Edmonds, R",9780803267053,American Indian Leaders,7,195,,,
Ehrlich,9780763610340,When I Was Your Age Vol 1,7,NA,,,
"Eickelman, D",9780130336781,Middle East & Central Asia 4E,2,191,,,
"Eisenstein, E",9781107632752,The Printing Revolution in Early Modern Europe,4,191,,,
"Eismann, K",9780321316271,Adobe Photoshop Restoration & Retouching 3E,3,181,,,
"Emerick, Y",9781933269160,What Islam is All About,2,191,,,
Epictetus,9780915145690,The Handbook (The Encheiridion),1,193,,,
Erasmus,9781110345830,"Ciceronianus; or, a dialogue on the best style of speaking",3,181,,,
"Eskridge, W",9781628101737,Legislation and Regulation 5E,5,191,,,
"Espronceda, J",9788437610269,"El Diablo Mundo. El Pelayo, Poesias ",10,183,,,
"Espronceda, J",9788437600109,El estudiante de Salamanca ,9,195,,,
Eusebius,9780825433078,Eusebius: Church History,1,191,,,
"Evergreen, S",9781506303055,Effective Data Visualization,,195,,,
"Eyring, H",9781570087103,Learning in the Light of Faith,2,195,,,
"Faber, D",9781454869252,Disaster Law & Policy 3E,1,181,,,
"Fallon, R",9781599413426,Federal Courts And The Federal System 6E,8,191,,,
"Fallon, R",9781599413426,Federal Courts And The Federal System 6E,1,191,,,
"Fanagan, D",9781462535781,Contemporary intellectual Assessment,2,191,,,
"Fangyuan, Y",9787513534017,Survival Chinese 101,6,181,,,
Farrand,9780300000795,The Framing of The Constitution of the United States,2,181,,,
"Ferdowsi, A",9780143108320,Shahnameh: Book Of Kings,3,191,,,
"Fernandez, F",9783631626993,Temas De Gramatica Espanola Para Estudiantes Universitarios,3,191,,,
"Ferry, D",9780374525729,Odes of Horace,10,191,,,
"Festa-Bianchet, M",9781597261715,Mountain Goats,3,181,,,
"Finkelman, P",9780312115944,Dred Scott Vs Stanford,4,181,,,
"Fisch, R",9780875895215,Tactics of Change: Doing Therapy Briefly,1,181,,,
"Fitzpatrick, C",9780976716075,Forensic Genealogy W/Cd,1,191,,,
"Fleischman, P",9780312629112,Whirligig,4,NA,,,
"Flexner, J",9780316286169,Washington Indispensable Man,3,191,,,
"Fluhman, S",9780842530224,To Be Learned is Good,1,191,,,
"Forlini, G",9780979642449,Class Acts: Every Teacher's Guide to Activate Learning,1,195,,,
Foster,9780192806758,Memory,2,191,,,
"Foster, J",9781576754306,How to get ideas,1,195,,,
"Frances, A",9781462513482,Essentails of Pschiatric Diagnosis,1,191,,,
Frank,9780691155999,Dostoevsky: His Life and Work,1,195,,,
Freeman,9780134283463,Ebook Biological Sci W/Masteringbiology 6E,3,NA,,,
"Frieden, J",9780393912388,World Politics 2E,22,185,,,
"Friedman, J",9781634606394,The Law of Employment Discrimination 11E,3,191,,,
"Friedman, T ",9780312425074,The World is Flat ,22,191,,,
Frith,9780674661967,Performing Rites: On the Value of Popular Music,12,181,,,
"Fuchs, R",9780878919666,Sociology Essentials,26,181,,,
"Fuentes, C",9786071106148,El espejo enterrado,1,191,,,
"Fujii, N",9780824832520,Aozora,3,181,,,
Funk,9780226271101,Greek Grammar Of New Testament,2,195,,,
"Furr, N",9781625271464,Innovator's Method: Bringing Lean Start-Up,12,195,,,
Gaines w,9780872894143,Investifatice Journalism,1,195,,,
"Gainor, J",9780393283471,Norton Anthology of Drama V1,3,193,,,
"Galdos, B",9781534764378,El Abuelo,7,191,,,
"Garcia-Lorca, F",9788437605609,Bodas De Sangre (Catedra #231),35,191,,,
"Garganigo, J",9780130618573,Huellas De Las Literaturas Hispanoamericanas 2E,3,191,,,
"Gause, F",9780521137300,International Relations of the Persian Gulf,2,181,,,
"Geeds, A",9781849204682,The Politics of Migration & Immigration in Europe,1,191,,,
"Gehring, S",9789517925433,Suomen Mestari Volume 1,11,185,,,
"Gehring, S",9789517928915,Suomen Mestari Volume 3,5,195,,,
"Gelfand, S",9781604068610,Essentails of Audiology,14,191,,,
"Gerber, M ",9780983500179,Emyth Landscape Contractor (Hardback),19,195,,,
"Gere, J",9781111577735,Mechanics Of Materials 8E,19,183,,,
"Gersmehl, P",9781462516414,Teaching Geography 3E,2,191,,,
Gifford Rob,9780812975246,China Road: A Journey Into The Future Of A Ri,4,191,,,
"Gilbert, M",9780805003482,Holocaust,1,191,,,
"Gilman, C",9780486298573,The Yellow Yallpaper and Other Stories,17,191,,,
"Gilroy, A",9781604069204,(Pkg) Atlas Of Anatomy 2E + Anatomy Essential Text,1,181,,,
"Gippert, J",9783110184068,Essentials of Language Documentation,1,185,,,
"Girolami, G",9780935702484,Synthesis & Technique In Inorganic Chemistry 3E,1,191,,,
"Glenville, C",9780993543128,What Clients Really Want ,2,185,,,
"Gluckman,P",9780199663934,Principles of Evutionary medicine,1,195,,,
"Gogol, N",9780679776444,Dead Souls,1,191,,,
"Goldsmith, E",9780131590496,Consumer Economics 2E,2,181,,,
"Goldsmith, J",9780226301518,The Chicago Guide to Your Academic Career,2,185,,,
"Gonzalez, R",9780199754915,Modern Latin American Literature,1,185,,,
"Goodwin, D",9780684847955,Wait Till Next Year,11,195,,,
"Goscinny, R",9782012101371,Le Tour de Gaule d'Asterix,1,193,,,
Gospel,9786710517991,Gospel Teaching And Learning 10581,42,181,,,
"Graham, D",9780521608428,The Texts of Early Greek Philosophy,1,185,,,
"Grahn, L",9780989653275,The Keys to Strategies for Language Instruction,3,191,,,
"Gray, T",9780316480581,Molecules: The Elements and Architecture of,3,191,,,
"Gray, T",9780316391221,Reactions,1,191,,,
"Gray, T",9781579129712,Molecules: The Elements and Architecture of,8,191,,,
"Greenberg, B",9780671602703,How to Run a Traditional Jewish Household,5,191,,,
"Greenblatt, S",9780393912524,Norton Anth of English Lit 9E VD,1,185,,,
"Greenwood, V",9780806320663,Researcher's Guide to American Genealogy 4E,4,195,,,
"Greer, A",9780312167073,Jesuit Relations: Natives & Missionaries in 17th Century,1,195,,,
"Greer, A",9780195309348,Mohawk Saint: Catherine Tekakwitha and the Jesuits,10,195,,,
"Greethman, D C",9780815317913,Textual Scholorship,2,195,,,
"Gregoire, M",9780132620819,Foodservice Organizations 8E,12,181,,,
"Grieco, J",9780393974195,State Power+ World Markets ,1,195,,,
"Grisham, J",9780440245926,The Firm,1,191,,,
Groth-Marnat,9781118960646,Handbook of Psychological Assessment 6E,2,191,,,
"Guberman, R",9780199943852,Point Made 2E,6,191,,,
"Gueno, J",9782290038628,Paroles D'etoiles,1,184,,,
"Hacker, D",9781319011130,A Pocket Style manual,1,191,,,
"Hacker, J",9781605099903,Collaborative Intelligence,3,191,,,
"Haidt, J",9780307455772,the righteous mind,1,193,,,
"Haines, d",9781451186253,neuroanatomy in Clinical Context,1,185,,,
"Hamsum, K",9788205394810,Sult,5,181,,,
"Handley, G",9781780992709,American Fork,2,195,,,
"Harrelson, G",9781556427398,Administrative Topics In Athletic Training,7,181,,,
"harris, D",9781464175633,Solution Manual for Qanitiative chemical analysis,1,195,,,
"Harter, S",9781462522729,THe construction of the self,3,191,,,
Hartzen Busch,9788437602745,LOS AMANTES DE TERUEL (CATEDRA),8,183,,,
Harvard Bus,9781422104606,What is Marketing?,1,185,,,
"Hawking, S",9780553103748,The Illustrated A Brief History of Time: Updated,20,185,,,
"Hawkins, A",9781465220653,Ebook Practically Magic 2E Rev,43,175,,,
"Healy, K",9780691181622,Data Visualization,1,193,,,
"Heaney, S",9780393320978,Beowulf: New Verse Translation,1,193,,,
"Helms, J",9781118741030,Majoring in Psychology,1,191,,,
"Henley, B",9780822202509,Crimes Of The Heart,2,195,,,
"Hennig, B",9783484108097,Kleines Mittelhochdeutsches Worterbuch,1,175,,,
"Henretta, J",9780312452865,America's History V2 (Since 1865) 6E,1,191,,,
"Henretta, J",9780312643294,America's History V2 (Since 1865) 5E,1,191,,,
"Heppner, E",9780803272811,Shanghai Refuge,20,185,,,
"Hepworth, D",9780840028648,Direct Social Work Practice Theory and Skills,21,195,,,
"Herber, M",9780806317717,Ancestral trails,13,195,,,
"Hergenhahn, B",9781133958093,An Introduction to the History of Psychology,4,181,,,
Hickman,9781308344393,Bioloical Diversity: Animals,2,185,,,
"Hinckley, J",9781516504625,The Educated Listener 2nd Ed.,12,195,,,
"Hinkle, D",9780618124053,Applied Statistics for Behavioral Sciences,1,175,,,
"Hintze, L",9786757302109,Geologic Highway Map,1,195,,,
Hockenberry,9780323222419,Wong's Nursing Care of Infants and Children 10E,14,185,,,
"Hoffman, J",9780871014573,Linear Regression Analysis: Assumptions & Apps,7,191,,,
"Hoffman, R",9780307888907,The Start-Up of You,3,185,,,
"Holcombe, C",9780824824655,The Genesis of East Asia,5,195,,,
"Holcombe,C",9781107544895,A History of East Asia,1,195,,,
"Holifield, E",9780300107654,Theology in America,10,195,,,
"Holt, B",9780669462937,Major Problems in African Amer Hist V2,7,181,,,
"Holt, K",9780312660956,My Louisiana Sky,2,NA,,,
Homer,9780140268867,Odyssey,2,195,,,
Homer,9780140275360,The Illiad,1,191,,,
Homer-Hackett,9780872204843,Odyssey,1,193,,,
Homer-Hackett,9780872203525,The Essential Iliad,5,195,,,
"Howard, J",9781475050158,Korean Genealogy Guide,1,185,,,
Hughes. T,9780486411811,The Finite Element Method,1,185,,,
"Humphreys, A",9780199328437,Social Media: Enduring Principles,1,195,,,
"Hunkin, G",9780824831318,Gagana Samoa,1,185,,,
"Hunston, S",9780521805834,Corpora in  Applied Linguistics ,1,195,,,
"Hussain, K",9780977271474,Pakkis,3,195,,,
"Hux, K",9781416404880,Assisting Survivors Of Traumatic Brain Injury 2E,3,191,,,
"Iber, j",9781585442058,Hispanics In The Mormon Zion 1912-1999,6,181,,,
"Ibsen, H",9780486426860,Peer Gynt 1E,8,185,,,
"Imwinkeleied, E",9781632814838,Evidentiary Foundations,1,185,,,
"Ingledew, J",9781856697149,The A-Z Of Visual Ideas,2,195,,,
Isom-Verhaaron,9780253019431,Living In The Ottoman Realm,1,181,,,
"Iwasaki, S",9789027238184,Japanese,1,181,,,
"Jackson, K",9781944394028,A Bible Reader's History of the Ancient World,1,195,,,
"Jasper, D",9780664227517,A Short Introduction to Hermeneutics,1,195,,,
"Jefferson, T",9781604592689,U.S. Constitution,7,181,,,
"Jeppesen, B",9788723048554,Under Overfladen,1,195,,,
"Johnson, C",9780393341812,Microstyle,6,181,,,
"Julier, G",9780500203798,The Thames & Hudson Dictionary of Design Since 1900 2E,1,185,,,
"Jung, C",9780440351832,Man & His Symbols,1,191,,,
Kamana,9780988783010,Na Kai Ewalu Beginning Hawaiian Lessons Textbook 1,5,181,,,
"Kant, I",9781107401068,Groundwork of the Metaphysics of Morals,1,191,,,
Kaplan,9781506214351,ACT Prep Plus 2018,2,185,,,
"Kaplan, R",9781133492016,Psychological Testing 8E,3,181,,,
"Kassing, G",9781492536697,History of Dance 2e,4,193,,,
"Katzenbach, J",9781422189870,HBR's 10 Must reads,2,185,,,
"Keeler, J",9781937226718,Edge of Native Voices Speak for the Bears Ears Morning,1,193,,,
"Kelling, h",9781308592329,Deutsche Kulturgeschichte 3E Custom Create,5,181,,,
Kerin,9780077729035,Marketing Core 6E,2,181,,,
"Kernell, S",9781452276496,The Logic of American Politics 6E,16,185,,,
"Kernell, S",9781483319841,The Logic of American Politics 7E,31,185,,,
"Kernighan, B",9780131103627,The C Programming Language,1,193,,,
"King, R ",9788817032513,La Cupola Di Brunelleschi,17,181,,,
"King, S",9780451168610,Skeleton Crew,3,185,,,
Kirst-Ashman,9781305388390,Intro to Social Work & Social Welfare,1,195,,,
"Kissi, E",9780842525442,Walking in the Sand,1,191,,,
"Kisslinger, E",9780132345248,Contemporary Topics ,30,NA,,,
"Klein, W",9780310524175,Intro To Biblical Interpretation 3E,2,185,,,
"Koeppen, B",9780323073622,Berne & Levy Physiology 6E Rev W/ Student Consult Access,1,175,,,
"Krastev, I",9780812249439,After Europe,3,191,,,
"L'amour, Louis",9780553264463,Bendigo Shafter,9,185,,,
"La Plante, J",9780697115911,Asian Art 3E,1,185,,,
"Lambdin, T",9780023672507,Introduction to Biblical Hebrew,1,184,,,
"Lave, J",9780521423748,situated Learning Legitimate peripheral participation,1,195,,,
"Laxness, H",9780679767923,Independent People,1,185,,,
LDS Scriptures,9786710511647,Die Boek Van Mormon (BOM in Afrikkans),9,195,,,
"Leclerc, M",9780880822602,Genealogist's Handbook for new England Research 5E,1,195,,,
"Lee, J",9780871545473,The Asian American Acheivement Paradox,1,191,,,
"Lee, J",9781475930658,Rising above it all,2,193,,,
"Leon, P",9781551309606,Structures Du Francais Moderne,5,195,,,
"Leopardi, G",9788804686248,I Canti (Mondadori),2,185,,,
"Leopardi, G",9788804557289,Le Operreti Morali (Mondadori),9,185,,,
"Lesh, B",9781571108128,Why Won't You Just Tell Us The Answer Grades 7-12,1,191,,,
"Levine, S",9781934759851,Hollywood From Below The Line,1,195,,,
"Lewis, CS",9780060652951,The Great Divorce,1,185,,,
Lima,9788512545707,Novo Avenida Brisil 2,5,185,,,
"Lind, M",9780195341416,The American Way of Strategy,2,191,,,
"Lindsey, R",9781412970860,Culturally Proficient Education,3,181,,,
"Love, C. ",9780139536397,Webster's New World Italian Dictionary,6,185,,,
"Lucas, S",9780072826951,Dinosaurs: The Textbook 5E,6,185,,,
"Luebben, C",9780762770014,Knots For Climbers 3E,1,185,,,
"Lunt, B",9780130943873,Electronic Physical Design 1E (Pod),2,141,,,
"Lutrin, B",9780620325844,Afrikaans Handbook and Study Guide,7,195,,,
"Lynch, M",9781610392358,Arab Uprising,2,181,,,
"Lyons, J",9781608190584,House Of Wisdom,5,181,,,
"Machado,j",9780195101706,The Posthumous Memoirs of Bras Cuba,2,185,,,
"Maclachlan, C",9780842051231,History Of Modern Brazil,2,181,,,
"Madsen, A",9781609080808,Opening Isaiah ,1,181,,,
"Maisto, S",9781285455518,Drug Use & Abuse 7E,13,181,,,
"Malone, M",9780803260221,American West 2E,1,181,,,
Mancomm,9781599597171,OSHA Construction Industry Regulations,8,185,,,
"Mangrum, R",9780314875648,Mangrum And Benson On Utah Evidence 2018,1,185,,,
"Marin, T",9789607706287,La Prova Orale 1,4,195,,,
"Marion, M",9780133551396,Ebook Guidance Of Young Children Access Card 9E,6,183,,,
"Marschner, S",9781482229394,Fundamentals of Computer Graphics ,8,185,,,
"Marsh, C",9780205031979,Strategic Writing 3E,3,183,,,
"Marshal, S",9781770859623,Insects: Their Natural History and Diversity,1,185,,,
"Marty, M",9780140082685,Pilgrims in their own Land,13,181,,,
"Masser, D",9781107061576,Auxiliary Polynomials In Number Theory,1,185,,,
"Mazuni, A",9788842538516,I Promessi Sposi,15,185,,,
Mazur,9780415485371,God In Details 2E,1,183,,,
"McGoldrick, M",9781593850203,ETHNICITY & FAMILY THERAPY 3E,6,191,,,
"Mckay, J",9781457642166,History Of Western Society 11E Vol A,1,181,,,
"Mee-Jeong, P",9780824836511,Integrated Korean Workbook Intermediate 1 ,2,195,,,
"Meese, M",9781421426778,American National Security 7e.,1,193,,,
Meinig,9780195025361,The Interpretation of Ordinary Lanscapes,2,195,,,
"Melchert, N",9780190670610,The Great Conversation,3,191,,,
"Melchert, N",9780190670634,The Great Conversation Volume II,3,191,,,
Menn,9781597567121,Psycholinguistics,1,195,,,*last looked at book checking for inventory inacurracy
"Merrill, R",9780763766221,Introduction To Epidemiology 5E,1,NA,,,
"Meyerink, K",9780916489700,Printed Sources: Guide Published Genealogical Records 3E,4,195,,,
"Milkovich, G",9780078029493,Compensation 11E,2,185,,,
"Mills, E",9790806318065,Evidence Explained : Citing History Sources From Artifacts 2,1,,"this is an ind study book, take it out",,
"Mills, E",9780806316482,Profssional Geanealogy ,1,195,,,
"Mohamad, M",9789812616500,The Malay Dilemma ,9,185,,,
"Molina, A",9786070725296,Como la sombra que se va ,4,185,,,
"Montero, R",9788466318778,Historia del Rey Transperente ,11,181,,,
"Morling, B",9780393936933,Research Methods in Psychology 2E,14,185,,,
"Motion, A",9780571228287,Here to Eternity ,4,185,,,
Muriel,9781540719546,Laxdaela Saga,3,185,,,
"Murphy, A",9781442223462,The European Culture Area,9,185,,,
"Murray, D",9781472942241,The Strange Death of Europe,1,181,,,
"Murrin, J",9781305084131,Liberty Equality Power 7E,1,185,,,
"Myers, D",9781464170041,Psychology 11E 3-Hole,1,185,,,
"Myers, M",9781497408180,A Smarer Way to Learn JavaScript,5,193,,,
"Nair, K",9781576750117,Higher Standard Of Leadership,1,185,,,
Napier,9781862877801,Sign Language Interpreting,9,181,,,
"Neelands, J",9780521787291,Structuring Drama Work 2E,3,181,,,
"Nelson,M",9781452240435,The Presidency and the Political System,1,181,,,
New Testament,9786071519856,New Testament Student Manual Item# 10734000,9,181,,,
"Nichols, B",9780253222602,Intro To Documentary 2E,1,181,,,
"Nilsen, G",9788211021724,Klart Det! ,24,195,,,
"Nilsen, G ",9788211021731,Klart Det! Workbook,22,195,,,
"Nix, G",9780061474354,Sabriel,1,181,,,
"Noble, D",9781930618756,Mesa Verde World,2,185,,,
Norris Leslie,9781854114679,Leslie Norris: The Complete Poems,5,195,,,
"Northup, S ",9781604592153,Twelve Years a Slave ,4,185,,,
"O'Neill, R",9781285734828,Functional Assesment andd Program Development for Problem Behavior ,3,195,,,
"Obata, C",9781890771263,Topaz Moon,2,185,,,
"Oelwein, P",9780933149557,Teaching Reading Children W/ Downs Syndrome,1,181,,,
"Offord, D",9781853993619,Modern Russian,1,193,,,
Openstax College,9781938168116,Concepts of Biology,6,191,,,
"Ornstein, A",9781337444101,Found Of Education Byu Acp 13E,2,181,,,
"Orwell, G",9780451526342,Animal Farm ,87,185,,,
"Ostroff, W",9781416621973,Cultivating Curiosity,2,191,,,
Oxford,9780190908522,Four separate world music paperback books,1,NA,,,
"Park, M",9780824838676,Integrated Korean Wkbk: Intermediate 2 2e,5,191,,,
"Park, M",9780824836511,Integrated Korean Workbook Intermediate 1,1,195,,,
"Park, M",9780824834500,Integreated Korean Workbook Beginning 1,2,195,,,
"Parkinson, S",9781855662674,A Companion to Portuguse Literatue,1,195,,,
"Paton, J",9780739001066,Gateway To German Lieder High Voice,5,181,,,
"Paton, J",9780739002735,Gateway To German Lieder Low Voice,3,181,,,
"Paton, J ",9780739035498,Italian Art Songs ,3,191,,,
Pearson ,9781269218054,Living Religions ,2,195,,,
"Percoco, J",9781625311436,Take the Journey,2,185,,,
"Perry, M",9781305091597,Western Civilization: A Brief History,28,185,,,
"Peterson, N",9780534641832,Role Of Work In People's Lives 2E,2,181,,,
"Pinel, J",9780205915576,Biopsychology,15,185,,,
Plato,9781724160881,Crito,37,191,,,
"Plautus, T",9780199540563,Four comedies,3,193,,,
"Polit, D",9781496300232,Nursing Research generating and assessing evidence...,2,185,,,
"Preucell, R",9781405199131,Archaeological Semiotics,2,181,,,
"Putnam, R",9780691037387,Making Democracy Work,2,195,,,
"Pynes, J",9781118398623,HR Management for Public and Nonprofit Org 4E,1,185,,,
"Rakove, J",9780679781219,Original Meanings: Politics & Ideas Making Const,1,181,,,
Ramage,9780136000976,Rman Art 5e.,3,195,,,
"Rath, t",9781595620255,Strengths Based Leadership: Great Leaders Tea,29,195,,,
"Remarque, E",9780449213940,All Quiet On Western Front,1,191,,,
Reynolds,9780199915125,Sovereignty and struggle,1,195,,,
"Richards, M",9781507764862,Social Media: Dominating Strategies,2,181,,,
"Richards, P",9781591472544,Spiritual Strategy For Counseling & Psychology 2E,4,181,,,
"Romney, M",9780133428537,Accounting Informations Systems 13E,12,185,,,
"Rorty, R",9780521358781,Essays on Heidegger and Others vol 2,1,181,,,
"Rosa, J",9788520932131,A Hora E Vez De Augusto Matraga (Nova Fonteira),6,181,,,
"Rubin, K",9781606235225,The Development of Shyness and social withdrawal,1,191,,,
"Rufe, P",9780872638778,Fundamentals Of Manufacturing Workbook 3E,7,181,,,
"Ruiz, J",9788470395086,Libro de Buen Amor,1,195,,,
"Rye, c",9781947172517,Biology,4,185,,,
"Sahlins, M",9780226733692,How Natives Think,1,181,,,
"Sansom, R",9780738092690,Lab Manual 3E,22,183,,,
Sawyer,9781337442145,Tax Research Methodology,9,185,,,
"Sawyer, C",9780072480665,Chemistry for Environmental and Engineering and Science,1,195,,,
"Sayre, H",9780133869842,Revel student access code card,1,191,,,
"Schacter, D",9781464122248,Ebook Psychology 3E (6 Mo Access),3,181,,,
"Schubert, F",9780793546435,100 Songs Low Voice (Hl 00740028),2,181,,,
"Schupp, K",9781450437165,Studying Dance ,2,195,,,
"Schwiebert, P",9780961519766,Tear Soup,3,185,,,
"Scruton, R",9781472935953,"Fools, Fraud and Firebrands",2,191,,,
"Sebastiani, A",9780895826831,Mammilian Anatomy 2E: The CAT ,4,195,,,
"Shrager, E",9780979320033,World Language Daily Tech Guide,2,191,,,
"Shulman, H",9781609302672,Cases And Materials On The Law Of Torts,4,185,,,
"Silverstein, R ",9780470616376,Spectrometric Identification of Organic Compounds ,1,195,,,
Simon,9780134014975,Campbell Essen Biol 6E All-Inclusive print op,4,NA,,,
Simon ,9780134256856,Campbell Essen Biol 3-H 6E W/Masteringbiolog,7,184,,,
"Skram, A",9788253026336,Pa St. Jorgen,2,181,,,
Smith,9781337690522,ACC 402 Cost and Managerial Accounting,84,181,"84 in cage, netsuite says 85",,
"Smith,E",9780307353368,How to Make books,1,185,,,
"Snow, D",9780205941223,National Security For New Era 5E,1,181,,,
"Socolow, S",9780521476423,Women Of Colonial Latin America,2,175,,,
"Sohn, H",9780824826949,Korean Lang In Culture & Soc,1,195,,,
"Sompayrac, L",9781449645793,How pathogenic viruses think,2,193,"2 in cage, netsuite says 3, but rent (no record)",,
Spanish 339 BYU,9781308104812,Introduction to Hispanic Lit,11,183,,,
"Spence, J",9780140080988,Memory Palace of Matteo Ricci,26,185,,,
"Spencer, J",9781589586321,Vision Of All,4,183,"4 in cage, 1 in LDS Products",,
St. Augustine,9780385029100,City of God,2,191,,,
"Stedje, A",9783825214999,Deutsche Sprache Gestern und Heute,4,185,,,
"Steinberg, L",9780073532110,Adolescence 10E,5,185,"4 in Ind, 5 in cage, netsuite says 7, no rent",,
"Stern, A",9781626540637,How to See Color and Paint It,4,185,,,
"Steves, R",9781631216725,London 2018,2,185,,,
"Stickdorn, M",9781491927182,This Is Service Design Doing,1,191,,,
"Stipanuk, M",9781437709599,"Biochemical, Physioloical and Molecular aspects of human Nutrition",1,193,,,
"Stone, E",9781609015008,The Dynamics of Fashion,1,184,,,
"Strayer, R",9780312583484,Ways of the World: Brief Global Hist. w/Sources 2E,1,185,,,
"Strong, A",9780740933646,BYU Custom: Plastics: Materials and Processing,1,191,"1 in cage, netsuite says 22, no rent",,
"Suassuna, A",9788520937822,Auto Da Compadecida,10,191,,,
"Sun, L",9781454886815,Structures of the Constitution,1,191,,,
Taber,9780803659049,23 Taber's cyclopedic medical dictionary,1,195,,,
"Tarmon, A",9789653760103,Hebrew Verb Tables (Tamir Pub Jerusalem),1,195,,,
"Taruscin, R",9780199346875,Music in 19th Century + Anth Western Music V2,1,185,,,
"Taylor, J",9780674060494,GENERALISSIMO,1,191,,,
"Taylor, M",9780226791401,Deconstruction in Context,6,195,,,
"Taylor, S",9781259438738,Health Psychology 9E,1,185,,,
"Thompson, J",9781853990595,Livy: Book XXII,4,191,,,
"Thwe, P",9780060505233,From the Land of Green Ghosts,1,185,,,
"Timberlake, K",9781269835008,Gen Org Bio Chemistry 5E,1,191,,,
"Trager, R",9781452239989,Law Of Journalism & Mass Communication 4E,1,181,"1 in cage, netsuite says 0, no rent",,
"Trager, R",9781506303413,Law Of Journalism & Mass Communication 5E,5,183,,,
"Trappe, W",9780131862395,Introduction to Cryptography with Coding Theory 2E,1,195,"1 in cage, netsuite says 0, no rent",,
"Tree, D",9780390770790,Intermediate Thermodynamics,5,181,,,
"TseTung, M",9780835123884,Quatations from Chairman Mao Tseung,11,185,,,
"Tunnell, M",9781461199502,The Children of Topaz,3,185,,,
"Turgeon, M",9780323225458,Clinical Laboratory Science,1,185,,,
"Turley, S",9780740933417,Byu Digital - Physical Science Foundations 2016,13,175,,,
"Turner, J",9780691168586,Philology: The Forgotten Origins,1,191,,,
"Tygiel, J",9780195339284,Baseballs Great Experiment,2,195,,,
"Vallejo, A",9788467033496,En La Ardiente Oscuridad,2,195,,,
"Vallejo, A",9788467039627,Las Meninas (Austral #473),4,195,,,
"Van De Mieroop, M",9781405160711,A History of Ancient Egypt,3,195,,,
"van Valin, R",9780521635660,An Introduction to Syntax,8,181,,,
"Vardell, S",9781937057787,POETRY FRIDAY ANTH GRADES 6-8 COMMON CORE ED,2,181,,,
"Villoro, J",9786071633323,Tiempo Transcurrido,6,181,,,
"Viren, S",9780826359544,Mine: Essays,3,181,,,
Virgil,9780872207905,The Essential Aeneid,2,193,"2 in cage, netsuite says 3, but rent (no record)",,
"Von Drehle, D",9780802141514,Triangle: The Fire That Changed America,3,191,,,
"Walder, A",9780674058156,China Under Mao,1,181,,,
"Warner, M",9780198718659,Once Upon A Time,6,185,,,
"Warren, R",9780822200185,All The King's Men,16,NA,,,
"Watson, M",9781405170536,Defining Visions : Tv & Amer Exper In 20Th Cent 2E,5,195,,,
"Weaver, M",9780495097266,Introduction to Christianity,15,195,,,
"Weil, I",9781618113962,From Cincinnati Reds To Moscow Reds,1,185,,,
"Welch, J",9780842527125,Legal Cases in the Book of Mormon,1,185,,,
"Wescott, D",9781586850982,Primitive Techoloy II Ancestral skills,4,185,,,
"Weston, J",9780486431918,Sir Gawain & The Green Knight,10,181,,,
"Whetten, D",9780136121008,Developing Management Skills,3,185,,,
"Wicander, R",9781111987299,Historical Geology 7E,4,185,,,
"Wilson, E",9780073382203,Living Theatre,8,184,,,
"Wimmer, R",9781133307334,Mass Media Research,1,181,,,
"Winchester, S",9780060838591,Krakatoa,11,185,,,
"Wong, W",9781305967090,Encore Niveau Intermediaire,2,185,,,
"Wong, W",9781337580755,Encore Niveau Intermediaire W/ACCESS CODE,1,185,,,
"Wooten, C",9780807866450,Hermogenes' On Types of Style,3,181,,,
"Wright, C",9780374532147,Sestets Poems ,1,185,,,
"Yorkston, K",9781416404347,management of Motor Spech Disorders,2,191,,,
"Young, A",9780807054055,the Shoemaker and the Tea Party,1,193,,,
"Zarr, S",9780316036030,Once Was Lost,1,181,,,
"Zimmerman, W",9780374528935,First Great Triumph,6,181,,,
"Zorilla, J",9788437602134,Don Juan Tenorio,6,181,,,