Document Number,Item,UPC,Quantity
SO52631,Cosmo Bench Bronze Sculpture,406431005445,1
SO54623,Official Missionary Name Tag,479010093225,1
SO54623,Official Missionary Name Tag,479010093225,1
SO54623,Official Missionary Name Tag,479010093225,2
SO54623,Official Missionary Name Tag,479010093225,1
SO54623,Magnet Back Only Mtc,400034591947,2
SO58620,Official Missionary Name Tag,479010093225,1
SO71085,Official Missionary Name Tag,479010093225,1
SO71524,Official Missionary Name Tag,479010093225,1
SO71533,Official Missionary Name Tag,479010093225,2
SO71557,Official Missionary Name Tag,479010093225,1
SO71577,Official Missionary Name Tag,479010093225,1
SO84637,Official Missionary Name Tag,479010093225,2
SO84743,Jon's Clip for Missionary Name Tag : Jons Clip BK for Missionary Name Tag BK,468773841143,1
SO84743,Official Missionary Name Tag,479010093225,1
SO84743,Official Missionary Name Tag,479010093225,1
SO84743,Official Missionary Name Tag,479010093225,1
SO85208,Official Missionary Name Tag,479010093225,1
SO85208,Official Missionary Name Tag,479010093225,1
SO85208,Official Missionary Name Tag,479010093225,1
SO85208,Official Missionary Name Tag,479010093225,1
SO85217,Official Missionary Name Tag,479010093225,2
SO85224,Official Missionary Name Tag,479010093225,1
SO86545,Official Missionary Name Tag,479010093225,1
SO97043,Official Missionary Name Tag,479010093225,1
SO97847,Logo Only Name Tag - Black Mtc,400015029872,50
SO97847,Logo Only Name Tag - Black Mtc,400015029872,50
SO99002,Official Missionary Name Tag,479010093225,2
SO99004,Jon's Clip for Missionary Name Tag : Jons Clip WH for Missionary Name Tag,405890900308,4
SO99004,Jon's Clip for Missionary Name Tag : Jons Clip BK for Missionary Name Tag BK,468773841143,5
SO99004,Official Missionary Name Tag,479010093225,1
SO99004,Official Missionary Name Tag,479010093225,1
SO99004,Official Missionary Name Tag,479010093225,1
SO99004,Official Missionary Name Tag,479010093225,1
SO99004,Official Missionary Name Tag,479010093225,1
SO99004,Official Missionary Name Tag,479010093225,1
SO99004,Official Missionary Name Tag,479010093225,2
SO99004,Official Missionary Name Tag,479010093225,2
SO99004,Official Missionary Name Tag,479010093225,2
SO99004,Official Missionary Name Tag,479010093225,1
SO99004,Official Missionary Name Tag,479010093225,2
SO101070,Mechanical Engineering Tee Shirt Men's 1301 : Mechanical Engineering Tee Shirt Men's 1301 NV L,431213551087,2
SO101076,Official Missionary Name Tag,479010093225,1
SO102470,Official Missionary Name Tag,479010093225,1
SO102857,Official Missionary Name Tag,479010093225,2
SO102970,Washington DC North Mission Coin,603784521831,10
SO105231,"12.9"" iPad Pro A12X Bionic : SG 256GB 12.9"" iPad Pro A12X Bionic WiFi",190198817686,1
SO105231,~AppleCare Plus iPad Pro 2-Year Individ,400029417191,1
SO105231,Apple Pencil (2nd Generation),190198893277,1
SO105282,Cps Warranty - Computer/Tablet 3 Year $1001 - $2000,400057660767,1
SO105301,~AppleCare Plus iPad Pro 2-Year Individ,400029417191,1
SO105301,AppleCare Plus For Apple Watch Series 4 2-Year Indiv,190198941565,1
SO105830,9781611660074 Ymtn - Girl On The Bridge,9781611660074,1
SO106345,9782035874016 Un Coeur Simple (Larousse) : 9782035874016 Un Coeur Simple (Larousse) N,9782035874016,1
SO106358,9782035874016 Un Coeur Simple (Larousse) : 9782035874016 Un Coeur Simple (Larousse) N,9782035874016,1
SO106576,Book Of Mormon Student Manual For Seminary Home Study,402094100008,1
SO107050,9780991091034 Business Ethics Field Guide : 9780991091034 Business Ethics Field Guide U,2900991091033,1
SO107109,Kirk Richards Mother And Child Yellow Giclee 10X8.25,400056603642,1
SO107116,Sandra Rast Have No Thought For The Morrow 20x20 Gold Frame,434524378381,1
SO107135,Yongsung Kim After the Storm 12x24 White Frame,406076977268,1
SO107138,Sandra Rast After the Storm 20x24 Giclee,422977795985,1
SO107145,Yongsung Kim Going Home 24x36 White Frame (Costco YSK),427866065781,1
SO107150,Yongsung Kim The Light of His Love 16x24 White Frame,471789518039,1
SO107154,Yongsung Kim One Fold One Shepherd 24x36 White Frame,411127367387,1
SO107161,9780991091034 Business Ethics Field Guide : 9780991091034 Business Ethics Field Guide U,2900991091033,1
SO107203,9781611650198 BYU CUSTOM - A Brief Guide to Academic Reading,9781611650198,1
SO107210,Yongsung Kim He Restoreth My Soul 24x36 Frame W,497640235167,1
SO107210,Yongsung Kim Heaven's Gift 16x24 Frame D,474792737060,1
SO107210,Yongsung Kim Foot Washing 16x24 Frame W,447469590169,1
SO107221,Julie Rogers The Good Shepherd 10x18 Canvas Only,420515237607,1
SO107222,Julie Rogers Joy 5x7 Paper Print,483478305905,3
SO107274,Yongsung Kim Sunshine in my Soul 11x14 Frame L,424474654673,1
SO107278,9780991091034 Business Ethics Field Guide : 9780991091034 Business Ethics Field Guide N,9780991091034,1
SO107458,Official Missionary Name Tag,479010093225,2
SO107458,Official Missionary Name Tag,479010093225,1
SO107469,9780991091034 Business Ethics Field Guide : 9780991091034 Business Ethics Field Guide U,2900991091033,1
SO107635,9780226026756 Aristotle's Nicomachean Ethics (Bartlett) : 9780226026756 Aristotle's Nicomachean Ethics (Bartlett) N,9780226026756,1
SO107741,9780991091034 Business Ethics Field Guide : 9780991091034 Business Ethics Field Guide U,2900991091033,1
SO107765,Official Missionary Name Tag,479010093225,1
SO107765,Official Missionary Name Tag,479010093225,2
SO107895,9780618690084 World History : Patterns Of Interaction 2007 E : 9780618690084 World History : Patterns Of Interaction 2007 U,2900618690083,1
SO107895,9780547491127 World History : Patterns Of Interaction 2012 E : 9780547491127 World History : Patterns Of Interaction 2012 U,2900547491126,1
SO107904,"Expo Ast Soft Pile Dry Erase Eraser 5 1/8""X1 1/4""",467430165837,120
SO107919,"9780321237859 Money, Financial Systems And The Economy 5E : 9780321237859 Money, Financial Systems And The Economy 5E N",9780321237859,1
SO107919,9791572245494 Relaxation & Stress Reduction Workbook 6E : 9791572245494 Relaxation & Stress Reduction Workbook 6E N,9791572245494,1
SO107919,9780131790476 Developing Management Skills 6E : 9780131790476 Developing Management Skills 6E N,9780131790476,1
SO107925,9790558926808 Mymathlab Plus Standalone Code Card : 9790558926808 (MATH 111) Mymathlab Plus Standalone Card N,9790558926808,1
SO107958,9781611660326 YMTNF - Escape From Van Diemen's Land: The Jam,9781611660326,1
SO107967,9780199657438 Archaeology: A Very Short Introduction 2E : 9780199657438 Archaeology: A Very Short Introduction 2E N,9780199657438,1
SO108158,Religions Of The World LDS View New Edition,9760842523501,3
SO108250,Storm Duds Oval Y Compact Umbrella with Clip On Handle : Storm Duds Oval Y Compact Umbrella with Clip On Handle ROY+WH,721935185012,1
SO108288,9791932236339 Equality By Default : 9791932236339 Equality By Default N,9791932236339,1
SO108328,Official Missionary Name Tag,479010093225,1
SO108328,Official Missionary Name Tag,479010093225,1
SO108395,9781611660913 YMTNF - Physics of Light and Optics - BW Editi,9781611660913,1
SO108399,Official Missionary Name Tag,479010093225,1
SO108399,Official Missionary Name Tag,479010093225,1
SO108399,Official Missionary Name Tag,479010093225,1
SO108399,Official Missionary Name Tag,479010093225,1
SO108399,Official Missionary Name Tag,479010093225,1
SO108399,Official Missionary Name Tag,479010093225,1
SO108399,Official Missionary Name Tag,479010093225,1
SO108399,Official Missionary Name Tag,479010093225,1
SO108472,"Wisdom Pink w/ Purple Trim Backpack 19""",685248584903,1
SO108472,"Wisdom Black w/ Blue Trim Backpack 19""",685248584897,1
SO108474,Official Missionary Name Tag,479010093225,1
SO108474,Official Missionary Name Tag,479010093225,1
SO108474,Official Missionary Name Tag,479010093225,1
SO108474,Official Missionary Name Tag,479010093225,1
SO108474,Official Missionary Name Tag,479010093225,1
SO108474,Official Missionary Name Tag,479010093225,1
SO108474,Official Missionary Name Tag,479010093225,2
SO108474,Official Missionary Name Tag,479010093225,2
SO108474,Official Missionary Name Tag,479010093225,2
SO108474,Official Missionary Name Tag,479010093225,2
SO108474,Official Missionary Name Tag,479010093225,2
SO108474,Official Missionary Name Tag,479010093225,2
SO108474,Official Missionary Name Tag,479010093225,2
SO108474,Official Missionary Name Tag,479010093225,1
SO108474,Official Missionary Name Tag,479010093225,1
SO108474,Official Missionary Name Tag,479010093225,1
SO108474,Official Missionary Name Tag,479010093225,1
SO108474,Official Missionary Name Tag,479010093225,1
SO108474,Official Missionary Name Tag,479010093225,1
SO108474,Official Missionary Name Tag,479010093225,2
SO108520,9781577662211 Introduction To Rhetorical Theory 2E : 9781577662211 Introduction To Rhetorical Theory 2E N,9781577662211,1
SO108533,9780679723127 Gideon's Trumpet : 9780679723127 Gideon's Trumpet N,9780679723127,1
SO108541,"13"" MB Pro TB 655 : 13"" MB Pro TB 655 SG 2.4Ghz QC i5 16GB 512GB SSD BK-E NONE",444263445336,1
SO108572,9786745677615 Access Code - Same Code Is Used For Acc 200 : 9786745677615 Access Code - Same Code Is Used For Acc 200 N,9786745677615,1
SO108604,Official Missionary Name Tag,479010093225,1
SO108604,Official Missionary Name Tag,479010093225,1
SO108604,Official Missionary Name Tag,479010093225,1
SO108604,Official Missionary Name Tag,479010093225,1
SO108604,Official Missionary Name Tag,479010093225,1
SO108604,Official Missionary Name Tag,479010093225,1
SO108604,Official Missionary Name Tag,479010093225,1
SO108641,9791412999266 Children Adolescents And The Media 3E : 9791412999266 Children Adolescents And The Media 3E N,9791412999266,1
SO108648,"Dell 15"" Inspiron Silver i7-7500 8GB 256GB SSD 620",462548136526,1
SO108745,Law School Sweatshirt Men's PC78 : NV L Law School Sweatshirt Men's PC78,425347902938,1
SO108775,9780440420057 Milkweed : 9780440420057 Milkweed N,9780440420057,1
SO108802,9780495596523 Understanding Stats In Behavioral Science 9E : 9780495596523 Understanding Stats In Behavioral Science 9E U,2900495596522,1
SO108820,9781337076760 Single Variable Tran Calculus V1 8E w/Webassig : 9781337076760 Single Variable Tran Calculus 8E V1 w/Webas N,9781337076760,1
SO108853,Official Missionary Name Tag,479010093225,1
SO108855,Official Missionary Name Tag,479010093225,1
SO108873,9781337076760 Single Variable Tran Calculus V1 8E w/Webassig : 9781337076760 Single Variable Tran Calculus 8E V1 w/Webas N,9781337076760,1
SO109000,9780226065687 Craft Of Research 2E : 9780226065687 Craft Of Research 2E N,9780226065687,1
SO109080,Spanish Missionary Vocabulary Phrases & Grammar,402047700026,3
SO109191,9780740930638 BYU CUSTOM - CD Logger Pro 3 (version 3.8.7) ( : 9780740930638 BYU CUSTOM - CD Logger Pro 3 (version 3.8.7) ( N,9780740930638,1
SO109197,9780740930638 BYU CUSTOM - CD Logger Pro 3 (version 3.8.7) ( : 9780740930638 BYU CUSTOM - CD Logger Pro 3 (version 3.8.7) ( N,9780740930638,1
SO109198,Official Missionary Name Tag,479010093225,1
SO109198,Official Missionary Name Tag,479010093225,1
SO109198,Official Missionary Name Tag,479010093225,1
SO109198,Official Missionary Name Tag,479010093225,1
SO109198,Official Missionary Name Tag,479010093225,1
SO109198,Official Missionary Name Tag,479010093225,2
SO109198,Official Missionary Name Tag,479010093225,2
SO109198,Official Missionary Name Tag,479010093225,1
SO109198,Official Missionary Name Tag,479010093225,1
SO109198,Official Missionary Name Tag,479010093225,2
SO109211,9780700302444 PACKET The Eternal Family (Ind Study version),9780700302444,1
SO109226,9780700300693 PACKET A Story of Western Civilization - Vol 2,9780700300693,1
SO109245,Logo Only Name Tag - Black Mtc,400015029872,40
SO109251,Official Missionary Name Tag,479010093225,1
SO109251,Official Missionary Name Tag,479010093225,1
SO109251,Official Missionary Name Tag,479010093225,1
SO109251,Official Missionary Name Tag,479010093225,1
SO109267,9780143039952 Odyssey : 9780143039952 Odyssey N,9780143039952,1
SO109274,Official Missionary Name Tag,479010093225,2
SO109274,Official Missionary Name Tag,479010093225,2
SO109274,Official Missionary Name Tag,479010093225,1
SO109274,Official Missionary Name Tag,479010093225,1
SO109274,Official Missionary Name Tag,479010093225,1
SO109274,Official Missionary Name Tag,479010093225,1
SO109274,Official Missionary Name Tag,479010093225,1
SO109274,Official Missionary Name Tag,479010093225,1
SO109274,Official Missionary Name Tag,479010093225,1
SO109274,Official Missionary Name Tag,479010093225,1
SO109276,Official Missionary Name Tag,479010093225,2
SO109276,Official Missionary Name Tag,479010093225,1
SO109276,Official Missionary Name Tag,479010093225,1
SO109276,Official Missionary Name Tag,479010093225,2
SO109276,Official Missionary Name Tag,479010093225,1
SO109276,Official Missionary Name Tag,479010093225,2
SO109276,Jon's Clip for Missionary Name Tag : Jons Clip BK for Missionary Name Tag BK,468773841143,3
SO109277,Official Missionary Name Tag,479010093225,1
SO109277,Official Missionary Name Tag,479010093225,1
SO109277,Official Missionary Name Tag,479010093225,1
SO109277,Official Missionary Name Tag,479010093225,1
SO109277,Official Missionary Name Tag,479010093225,1
SO109277,Official Missionary Name Tag,479010093225,1
SO109277,Official Missionary Name Tag,479010093225,2
SO109277,Official Missionary Name Tag,479010093225,1
SO109277,Official Missionary Name Tag,479010093225,1
SO109277,Official Missionary Name Tag,479010093225,1
SO109277,Official Missionary Name Tag,479010093225,1
SO109277,Official Missionary Name Tag,479010093225,1
SO109278,Official Missionary Name Tag,479010093225,1
SO109278,Official Missionary Name Tag,479010093225,1
SO109278,Official Missionary Name Tag,479010093225,1
SO109278,Official Missionary Name Tag,479010093225,2
SO109278,Official Missionary Name Tag,479010093225,2
SO109278,Official Missionary Name Tag,479010093225,1
SO109278,Official Missionary Name Tag,479010093225,1
SO109278,Official Missionary Name Tag,479010093225,2
SO109278,Official Missionary Name Tag,479010093225,2
SO109278,Official Missionary Name Tag,479010093225,2
SO109278,Official Missionary Name Tag,479010093225,2
SO109278,Official Missionary Name Tag,479010093225,1
SO109278,Official Missionary Name Tag,479010093225,1
SO109278,Official Missionary Name Tag,479010093225,1
SO109278,Official Missionary Name Tag,479010093225,1
SO109278,Official Missionary Name Tag,479010093225,2
SO109278,Official Missionary Name Tag,479010093225,2
SO109278,Jon's Clip for Missionary Name Tag : Jons Clip BK for Missionary Name Tag BK,468773841143,2
SO109285,Official Missionary Name Tag,479010093225,1
SO109285,Jon's Clip for Missionary Name Tag : Jons Clip WH for Missionary Name Tag,405890900308,3
SO109285,Official Missionary Name Tag,479010093225,1
SO109285,Official Missionary Name Tag,479010093225,1
SO109285,Official Missionary Name Tag,479010093225,1
SO109285,Official Missionary Name Tag,479010093225,1
SO109285,Official Missionary Name Tag,479010093225,2
SO109285,Official Missionary Name Tag,479010093225,1
SO109285,Official Missionary Name Tag,479010093225,1
SO109285,Official Missionary Name Tag,479010093225,1
SO109286,Jon's Clip for Missionary Name Tag : Jons Clip BK for Missionary Name Tag BK,468773841143,2
SO109286,Official Missionary Name Tag,479010093225,2
SO109286,Official Missionary Name Tag,479010093225,1
SO109286,Official Missionary Name Tag,479010093225,1
SO109286,Official Missionary Name Tag,479010093225,1
SO109286,Official Missionary Name Tag,479010093225,1
SO109286,Official Missionary Name Tag,479010093225,1
SO109286,Official Missionary Name Tag,479010093225,1
SO109292,Jon's Clip for Missionary Name Tag : Jons Clip BK for Missionary Name Tag BK,468773841143,1
SO109292,Jon's Clip for Missionary Name Tag : Jons Clip WH for Missionary Name Tag,405890900308,4
SO109292,Official Missionary Name Tag,479010093225,1
SO109292,Official Missionary Name Tag,479010093225,1
SO109292,Official Missionary Name Tag,479010093225,1
SO109292,Official Missionary Name Tag,479010093225,1
SO109292,Official Missionary Name Tag,479010093225,1
SO109292,Official Missionary Name Tag,479010093225,1
SO109292,Official Missionary Name Tag,479010093225,1
SO109292,Official Missionary Name Tag,479010093225,1
SO109292,Official Missionary Name Tag,479010093225,2
SO109292,Official Missionary Name Tag,479010093225,1
SO109292,Official Missionary Name Tag,479010093225,1
SO109292,Official Missionary Name Tag,479010093225,1
SO109292,Official Missionary Name Tag,479010093225,1
SO109292,Official Missionary Name Tag,479010093225,1
SO109292,Official Missionary Name Tag,479010093225,1
SO109300,Official Missionary Name Tag,479010093225,1
SO109300,Official Missionary Name Tag,479010093225,1
SO109300,Official Missionary Name Tag,479010093225,1
SO109300,Official Missionary Name Tag,479010093225,2
SO109300,Official Missionary Name Tag,479010093225,1
SO109300,Official Missionary Name Tag,479010093225,1
SO109300,Official Missionary Name Tag,479010093225,1
SO109300,Official Missionary Name Tag,479010093225,1
SO109300,Official Missionary Name Tag,479010093225,1
SO109300,Official Missionary Name Tag,479010093225,1
SO109300,Official Missionary Name Tag,479010093225,1
SO109300,Official Missionary Name Tag,479010093225,1
SO109300,Official Missionary Name Tag,479010093225,1
SO109300,Official Missionary Name Tag,479010093225,1
SO109300,Official Missionary Name Tag,479010093225,1
SO109300,Official Missionary Name Tag,479010093225,1
SO109300,Official Missionary Name Tag,479010093225,1
SO109300,Official Missionary Name Tag,479010093225,1
SO109300,Official Missionary Name Tag,479010093225,1
SO109300,Official Missionary Name Tag,479010093225,1
SO109300,Official Missionary Name Tag,479010093225,1
SO109300,Official Missionary Name Tag,479010093225,1
SO109300,Official Missionary Name Tag,479010093225,1
SO109300,Official Missionary Name Tag,479010093225,1
SO109300,Official Missionary Name Tag,479010093225,1
SO109300,Official Missionary Name Tag,479010093225,1
SO109300,Official Missionary Name Tag,479010093225,1
SO109300,Official Missionary Name Tag,479010093225,1
SO109300,Official Missionary Name Tag,479010093225,1
SO109300,Official Missionary Name Tag,479010093225,1
SO109300,Official Missionary Name Tag,479010093225,1
SO109300,Official Missionary Name Tag,479010093225,1
SO109300,Official Missionary Name Tag,479010093225,1
SO109300,Official Missionary Name Tag,479010093225,1
SO109300,Official Missionary Name Tag,479010093225,1
SO109300,Official Missionary Name Tag,479010093225,1
SO109300,Official Missionary Name Tag,479010093225,1
SO109300,Official Missionary Name Tag,479010093225,2
SO109300,Official Missionary Name Tag,479010093225,1
SO109300,Official Missionary Name Tag,479010093225,1
SO109300,Official Missionary Name Tag,479010093225,1
SO109300,Official Missionary Name Tag,479010093225,1
SO109300,Official Missionary Name Tag,479010093225,2
SO109300,Official Missionary Name Tag,479010093225,1
SO109300,Official Missionary Name Tag,479010093225,1
SO109300,Official Missionary Name Tag,479010093225,2
SO109300,Official Missionary Name Tag,479010093225,1
SO109300,Official Missionary Name Tag,479010093225,1
SO109300,Official Missionary Name Tag,479010093225,1
SO109300,Official Missionary Name Tag,479010093225,1
SO109300,Official Missionary Name Tag,479010093225,1
SO109300,Official Missionary Name Tag,479010093225,1
SO109300,Official Missionary Name Tag,479010093225,1
SO109300,Official Missionary Name Tag,479010093225,1
SO109301,Jon's Clip for Missionary Name Tag : Jons Clip BK for Missionary Name Tag BK,468773841143,1
SO109301,Official Missionary Name Tag,479010093225,2
SO109301,Official Missionary Name Tag,479010093225,1
SO109301,Official Missionary Name Tag,479010093225,1
SO109301,Official Missionary Name Tag,479010093225,2
SO109301,Official Missionary Name Tag,479010093225,1
SO109301,Official Missionary Name Tag,479010093225,1
SO109301,Official Missionary Name Tag,479010093225,2
SO109301,Official Missionary Name Tag,479010093225,2
SO109301,Official Missionary Name Tag,479010093225,1
SO109301,Official Missionary Name Tag,479010093225,2
SO109301,Official Missionary Name Tag,479010093225,2
SO109301,Official Missionary Name Tag,479010093225,1
SO109301,Official Missionary Name Tag,479010093225,1
SO109301,Official Missionary Name Tag,479010093225,1
SO109301,Official Missionary Name Tag,479010093225,1
SO109301,Official Missionary Name Tag,479010093225,1
SO109301,Official Missionary Name Tag,479010093225,1
SO109301,Official Missionary Name Tag,479010093225,2
SO109301,Official Missionary Name Tag,479010093225,1
SO109301,Official Missionary Name Tag,479010093225,1
SO109307,Official Missionary Name Tag,479010093225,1
SO109307,Official Missionary Name Tag,479010093225,1
SO109307,Official Missionary Name Tag,479010093225,1
SO109307,Official Missionary Name Tag,479010093225,1
SO109307,Official Missionary Name Tag,479010093225,1
SO109307,Official Missionary Name Tag,479010093225,1
SO109307,Official Missionary Name Tag,479010093225,1
SO109307,Official Missionary Name Tag,479010093225,1
SO109307,Official Missionary Name Tag,479010093225,1
SO109307,Official Missionary Name Tag,479010093225,1
SO109307,Official Missionary Name Tag,479010093225,1
SO109308,9780740932045 BYU CUSTOM - CD Personal Finance 2018-2019 : 9780740932045 BYU CUSTOM - CD Personal Finance 2018-2019 N,9780740932045,1
SO109312,Official Missionary Name Tag,479010093225,1
SO109312,Official Missionary Name Tag,479010093225,1
SO109312,Official Missionary Name Tag,479010093225,1
SO109312,Official Missionary Name Tag,479010093225,1
SO109312,Official Missionary Name Tag,479010093225,1
SO109312,Official Missionary Name Tag,479010093225,1
SO109316,Official Missionary Name Tag,479010093225,1
SO109316,Official Missionary Name Tag,479010093225,1
SO109316,Official Missionary Name Tag,479010093225,1
SO109316,Official Missionary Name Tag,479010093225,1
SO109316,Official Missionary Name Tag,479010093225,1
SO109316,Official Missionary Name Tag,479010093225,1
SO109316,Official Missionary Name Tag,479010093225,1
SO109316,Official Missionary Name Tag,479010093225,1
SO109316,Official Missionary Name Tag,479010093225,1
SO109316,Official Missionary Name Tag,479010093225,1
SO109316,Official Missionary Name Tag,479010093225,1
SO109316,Official Missionary Name Tag,479010093225,1
SO109316,Official Missionary Name Tag,479010093225,1
SO109316,Official Missionary Name Tag,479010093225,1
SO109316,Official Missionary Name Tag,479010093225,1
SO109316,Official Missionary Name Tag,479010093225,1
SO109316,Official Missionary Name Tag,479010093225,1
SO109316,Official Missionary Name Tag,479010093225,1
SO109316,Official Missionary Name Tag,479010093225,1
SO109316,Official Missionary Name Tag,479010093225,1
SO109316,Official Missionary Name Tag,479010093225,1
SO109316,Official Missionary Name Tag,479010093225,1
SO109316,Official Missionary Name Tag,479010093225,1
SO109316,Official Missionary Name Tag,479010093225,1
SO109316,Official Missionary Name Tag,479010093225,1
SO109316,Official Missionary Name Tag,479010093225,1
SO109316,Official Missionary Name Tag,479010093225,1
SO109316,Official Missionary Name Tag,479010093225,1
SO109316,Official Missionary Name Tag,479010093225,1
SO109316,Official Missionary Name Tag,479010093225,1
SO109316,Official Missionary Name Tag,479010093225,1
SO109316,Official Missionary Name Tag,479010093225,1
SO109316,Official Missionary Name Tag,479010093225,1
SO109316,Official Missionary Name Tag,479010093225,1
SO109316,Official Missionary Name Tag,479010093225,1
SO109316,Official Missionary Name Tag,479010093225,1
SO109316,Official Missionary Name Tag,479010093225,1
SO109316,Official Missionary Name Tag,479010093225,1
SO109317,Official Missionary Name Tag,479010093225,1
SO109317,Official Missionary Name Tag,479010093225,1
SO109317,Magnet Back Only Mtc,400034591947,2
SO109317,Jon's Clip for Missionary Name Tag : Jons Clip BK for Missionary Name Tag BK,468773841143,2
SO109317,Jon's Clip for Missionary Name Tag : Jons Clip WH for Missionary Name Tag,405890900308,2
SO109317,Official Missionary Name Tag,479010093225,1
SO109317,Official Missionary Name Tag,479010093225,1
SO109317,Official Missionary Name Tag,479010093225,1
SO109317,Official Missionary Name Tag,479010093225,1
SO109317,Official Missionary Name Tag,479010093225,1
SO109317,Official Missionary Name Tag,479010093225,1
SO109317,Official Missionary Name Tag,479010093225,2
SO109317,Official Missionary Name Tag,479010093225,1
SO109317,Official Missionary Name Tag,479010093225,1
SO109317,Official Missionary Name Tag,479010093225,1
SO109317,Official Missionary Name Tag,479010093225,2
SO109317,Official Missionary Name Tag,479010093225,1
SO109317,Official Missionary Name Tag,479010093225,1
SO109317,Official Missionary Name Tag,479010093225,1
SO109317,Official Missionary Name Tag,479010093225,1
SO109317,Official Missionary Name Tag,479010093225,1
SO109317,Official Missionary Name Tag,479010093225,1
SO109317,Official Missionary Name Tag,479010093225,1
SO109317,Official Missionary Name Tag,479010093225,1
SO109317,Official Missionary Name Tag,479010093225,2
SO109317,Official Missionary Name Tag,479010093225,1
SO109317,Official Missionary Name Tag,479010093225,1
SO109317,Official Missionary Name Tag,479010093225,1
SO109317,Official Missionary Name Tag,479010093225,2
SO109317,Official Missionary Name Tag,479010093225,3
SO109317,Official Missionary Name Tag,479010093225,1
SO109317,Official Missionary Name Tag,479010093225,4
SO109317,Official Missionary Name Tag,479010093225,1
SO109317,Official Missionary Name Tag,479010093225,1
SO109317,Official Missionary Name Tag,479010093225,1
SO109317,Official Missionary Name Tag,479010093225,1
SO109317,Official Missionary Name Tag,479010093225,1
SO109317,Official Missionary Name Tag,479010093225,1
SO109322,Martin Harris Uncompromising Witness Black,9781942161554,4
SO109326,Jon's Clip for Missionary Name Tag : Jons Clip BK for Missionary Name Tag BK,468773841143,1
SO109326,Magnet Back Only Mtc,400034591947,1
SO109326,Official Missionary Name Tag,479010093225,1
SO109326,Official Missionary Name Tag,479010093225,1
SO109327,Jon's Clip for Missionary Name Tag : Jons Clip BK for Missionary Name Tag BK,468773841143,1
SO109327,Official Missionary Name Tag,479010093225,1
SO109327,Official Missionary Name Tag,479010093225,1
SO109327,Official Missionary Name Tag,479010093225,1
SO109327,Official Missionary Name Tag,479010093225,1
SO109327,Official Missionary Name Tag,479010093225,1
SO109327,Official Missionary Name Tag,479010093225,1
SO109327,Official Missionary Name Tag,479010093225,1
SO109327,Official Missionary Name Tag,479010093225,1
SO109328,9780679724469 Harmless People : 9780679724469 Harmless People N,9780679724469,1
SO109333,9780740932007 BYU CUSTOM - DVD Psychological Stats Lectures : 9780740932007 BYU CUSTOM - DVD Psychological Stats Lectures  N,9780740932007,1
SO109335,Jon's Clip for Missionary Name Tag : Jons Clip BK for Missionary Name Tag BK,468773841143,4
SO109335,Jon's Clip for Missionary Name Tag : Jons Clip WH for Missionary Name Tag,405890900308,4
SO109335,Official Missionary Name Tag,479010093225,1
SO109335,Official Missionary Name Tag,479010093225,1
SO109335,Official Missionary Name Tag,479010093225,1
SO109335,Official Missionary Name Tag,479010093225,3
SO109335,Official Missionary Name Tag,479010093225,1
SO109335,Official Missionary Name Tag,479010093225,1
SO109335,Official Missionary Name Tag,479010093225,1
SO109335,Official Missionary Name Tag,479010093225,1
SO109335,Official Missionary Name Tag,479010093225,1
SO109335,Official Missionary Name Tag,479010093225,1
SO109335,Official Missionary Name Tag,479010093225,1
SO109335,Official Missionary Name Tag,479010093225,1
SO109335,Official Missionary Name Tag,479010093225,1
SO109335,Official Missionary Name Tag,479010093225,1
SO109335,Official Missionary Name Tag,479010093225,1
SO109335,Official Missionary Name Tag,479010093225,1
SO109335,Official Missionary Name Tag,479010093225,1
SO109335,Official Missionary Name Tag,479010093225,1
SO109337,Official Missionary Name Tag,479010093225,1
SO109337,Official Missionary Name Tag,479010093225,1
SO109337,Official Missionary Name Tag,479010093225,1
SO109337,Official Missionary Name Tag,479010093225,2
SO109337,Official Missionary Name Tag,479010093225,1
SO109337,Official Missionary Name Tag,479010093225,2
SO109337,Official Missionary Name Tag,479010093225,1
SO109337,Official Missionary Name Tag,479010093225,1
SO109337,Official Missionary Name Tag,479010093225,2
SO109342,Official Missionary Name Tag,479010093225,1
SO109342,Official Missionary Name Tag,479010093225,1
SO109342,Official Missionary Name Tag,479010093225,1
SO109342,Official Missionary Name Tag,479010093225,1
SO109342,Official Missionary Name Tag,479010093225,1
SO109342,Official Missionary Name Tag,479010093225,1
SO109342,Official Missionary Name Tag,479010093225,2
SO109342,Official Missionary Name Tag,479010093225,1
SO109346,9780740930638 BYU CUSTOM - CD Logger Pro 3 (version 3.8.7) ( : 9780740930638 BYU CUSTOM - CD Logger Pro 3 (version 3.8.7) ( N,9780740930638,1
SO109350,9780740930638 BYU CUSTOM - CD Logger Pro 3 (version 3.8.7) ( : 9780740930638 BYU CUSTOM - CD Logger Pro 3 (version 3.8.7) ( N,9780740930638,1
SO109351,Official Missionary Name Tag,479010093225,1
SO109351,Official Missionary Name Tag,479010093225,1
SO109351,Official Missionary Name Tag,479010093225,1
SO109361,"Tombow White Mono Correction Dispenser Correction Tape 1/6""",085014686709,6
SO109361,"Scotch Clear Highland Invisible Box Tape 3/4""X1296""",021200075674,12
SO109366,Jon's Clip for Missionary Name Tag : Jons Clip BK for Missionary Name Tag BK,468773841143,1
SO109366,Official Missionary Name Tag,479010093225,1
SO109366,Official Missionary Name Tag,479010093225,1
SO109366,Official Missionary Name Tag,479010093225,1
SO109366,Official Missionary Name Tag,479010093225,1
SO109366,Official Missionary Name Tag,479010093225,1
SO109366,Official Missionary Name Tag,479010093225,2
SO109366,Official Missionary Name Tag,479010093225,1
SO109366,Official Missionary Name Tag,479010093225,2
SO109366,Official Missionary Name Tag,479010093225,1
SO109366,Official Missionary Name Tag,479010093225,1
SO109366,Official Missionary Name Tag,479010093225,1
SO109366,Official Missionary Name Tag,479010093225,1
SO109366,Official Missionary Name Tag,479010093225,1
SO109366,Official Missionary Name Tag,479010093225,1
SO109366,Official Missionary Name Tag,479010093225,1
SO109366,Official Missionary Name Tag,479010093225,1
SO109366,Official Missionary Name Tag,479010093225,2
SO109366,Official Missionary Name Tag,479010093225,2
SO109366,Official Missionary Name Tag,479010093225,1
SO109366,Official Missionary Name Tag,479010093225,1
SO109366,Official Missionary Name Tag,479010093225,1
SO109366,Official Missionary Name Tag,479010093225,2
SO109366,Official Missionary Name Tag,479010093225,2
SO109366,Official Missionary Name Tag,479010093225,1
SO109366,Official Missionary Name Tag,479010093225,1
SO109366,Official Missionary Name Tag,479010093225,1
SO109366,Official Missionary Name Tag,479010093225,1
SO109366,Official Missionary Name Tag,479010093225,1
SO109366,Official Missionary Name Tag,479010093225,1
SO109366,Official Missionary Name Tag,479010093225,1
SO109366,Official Missionary Name Tag,479010093225,1
SO109366,Official Missionary Name Tag,479010093225,1
SO109366,Official Missionary Name Tag,479010093225,1
SO109366,Official Missionary Name Tag,479010093225,1
SO109366,Official Missionary Name Tag,479010093225,1
SO109366,Official Missionary Name Tag,479010093225,1
SO109366,Official Missionary Name Tag,479010093225,1
SO109366,Official Missionary Name Tag,479010093225,1
SO109366,Official Missionary Name Tag,479010093225,1
SO109366,Official Missionary Name Tag,479010093225,1
SO109366,Official Missionary Name Tag,479010093225,1
SO109366,Official Missionary Name Tag,479010093225,1
SO109366,Official Missionary Name Tag,479010093225,1
SO109366,Official Missionary Name Tag,479010093225,1
SO109366,Official Missionary Name Tag,479010093225,2
SO109366,Official Missionary Name Tag,479010093225,5
SO109366,Official Missionary Name Tag,479010093225,1
SO109366,Official Missionary Name Tag,479010093225,1
SO109366,Official Missionary Name Tag,479010093225,1
SO109366,Official Missionary Name Tag,479010093225,2
SO109366,Official Missionary Name Tag,479010093225,1
SO109366,Official Missionary Name Tag,479010093225,1
SO109366,Official Missionary Name Tag,479010093225,1
SO109366,Official Missionary Name Tag,479010093225,2
SO109366,Official Missionary Name Tag,479010093225,2
SO109366,Official Missionary Name Tag,479010093225,1
SO109366,Official Missionary Name Tag,479010093225,1
SO109366,Official Missionary Name Tag,479010093225,1
SO109367,Official Missionary Name Tag,479010093225,1
SO109367,Official Missionary Name Tag,479010093225,1
SO109367,Official Missionary Name Tag,479010093225,1
SO109367,Official Missionary Name Tag,479010093225,2
SO109367,Official Missionary Name Tag,479010093225,1
SO109367,Official Missionary Name Tag,479010093225,2
SO109367,Official Missionary Name Tag,479010093225,1
SO109367,Official Missionary Name Tag,479010093225,2
SO109367,Official Missionary Name Tag,479010093225,1
SO109378,Jon's Clip for Missionary Name Tag : Jons Clip BK for Missionary Name Tag BK,468773841143,3
SO109378,Official Missionary Name Tag,479010093225,1
SO109378,Official Missionary Name Tag,479010093225,1
SO109378,Official Missionary Name Tag,479010093225,1
SO109378,Official Missionary Name Tag,479010093225,1
SO109378,Official Missionary Name Tag,479010093225,1
SO109378,Official Missionary Name Tag,479010093225,1
SO109378,Official Missionary Name Tag,479010093225,1
SO109378,Official Missionary Name Tag,479010093225,1
SO109378,Official Missionary Name Tag,479010093225,1
SO109378,Official Missionary Name Tag,479010093225,1
SO109378,Official Missionary Name Tag,479010093225,2
SO109381,Official Missionary Name Tag,479010093225,1
SO109381,Official Missionary Name Tag,479010093225,1
SO109381,Official Missionary Name Tag,479010093225,1
SO109381,Official Missionary Name Tag,479010093225,1
SO109381,Official Missionary Name Tag,479010093225,2
SO109381,Official Missionary Name Tag,479010093225,2
SO109381,Official Missionary Name Tag,479010093225,2
SO109381,Official Missionary Name Tag,479010093225,3
SO109381,Official Missionary Name Tag,479010093225,4
SO109381,Official Missionary Name Tag,479010093225,2
SO109381,Official Missionary Name Tag,479010093225,6
SO109381,Official Missionary Name Tag,479010093225,6
SO109381,Official Missionary Name Tag,479010093225,1
SO109381,Official Missionary Name Tag,479010093225,10
SO109381,Official Missionary Name Tag,479010093225,2
SO109381,Official Missionary Name Tag,479010093225,2
SO109381,Official Missionary Name Tag,479010093225,2
SO109381,Official Missionary Name Tag,479010093225,2
SO109381,Official Missionary Name Tag,479010093225,4
SO109381,Official Missionary Name Tag,479010093225,4
SO109381,Official Missionary Name Tag,479010093225,4
SO109381,Official Missionary Name Tag,479010093225,4
SO109381,Official Missionary Name Tag,479010093225,2
SO109381,Official Missionary Name Tag,479010093225,2
SO109381,Official Missionary Name Tag,479010093225,2
SO109381,Official Missionary Name Tag,479010093225,2
SO109381,Official Missionary Name Tag,479010093225,1
SO109381,Official Missionary Name Tag,479010093225,1
SO109381,Official Missionary Name Tag,479010093225,4
SO109381,Official Missionary Name Tag,479010093225,1
SO109381,Official Missionary Name Tag,479010093225,2
SO109381,Official Missionary Name Tag,479010093225,1
SO109381,Official Missionary Name Tag,479010093225,2
SO109381,Official Missionary Name Tag,479010093225,2
SO109381,Official Missionary Name Tag,479010093225,2
SO109381,Official Missionary Name Tag,479010093225,2
SO109381,Official Missionary Name Tag,479010093225,1
SO109381,Official Missionary Name Tag,479010093225,2
SO109381,Official Missionary Name Tag,479010093225,2
SO109381,Official Missionary Name Tag,479010093225,1
SO109381,Official Missionary Name Tag,479010093225,1
SO109381,Official Missionary Name Tag,479010093225,1
SO109381,Official Missionary Name Tag,479010093225,4
SO109381,Official Missionary Name Tag,479010093225,2
SO109381,Official Missionary Name Tag,479010093225,2
SO109381,Official Missionary Name Tag,479010093225,2
SO109381,Official Missionary Name Tag,479010093225,2
SO109381,Official Missionary Name Tag,479010093225,2
SO109381,Official Missionary Name Tag,479010093225,2
SO109381,Official Missionary Name Tag,479010093225,2
SO109381,Official Missionary Name Tag,479010093225,2
SO109381,Official Missionary Name Tag,479010093225,2
SO109381,Official Missionary Name Tag,479010093225,2
SO109381,Official Missionary Name Tag,479010093225,2
SO109381,Official Missionary Name Tag,479010093225,2
SO109381,Official Missionary Name Tag,479010093225,4
SO109381,Official Missionary Name Tag,479010093225,1
SO109381,Official Missionary Name Tag,479010093225,3
SO109381,Official Missionary Name Tag,479010093225,2
SO109381,Official Missionary Name Tag,479010093225,2
SO109381,Official Missionary Name Tag,479010093225,4
SO109381,Official Missionary Name Tag,479010093225,4
SO109381,Official Missionary Name Tag,479010093225,2
SO109381,Official Missionary Name Tag,479010093225,2
SO109381,Official Missionary Name Tag,479010093225,4
SO109381,Official Missionary Name Tag,479010093225,4
SO109381,Official Missionary Name Tag,479010093225,1
SO109381,Official Missionary Name Tag,479010093225,1
SO109381,Official Missionary Name Tag,479010093225,1
SO109381,Official Missionary Name Tag,479010093225,1
SO109381,Official Missionary Name Tag,479010093225,1
SO109381,Official Missionary Name Tag,479010093225,1
SO109381,Official Missionary Name Tag,479010093225,4
SO109381,Official Missionary Name Tag,479010093225,2
SO109381,Official Missionary Name Tag,479010093225,2
SO109381,Official Missionary Name Tag,479010093225,2
SO109381,Official Missionary Name Tag,479010093225,2
SO109381,Official Missionary Name Tag,479010093225,4
SO109381,Official Missionary Name Tag,479010093225,1
SO109381,Jon's Clip for Missionary Name Tag : Jons Clip WH for Missionary Name Tag,405890900308,40
SO109381,Jon's Clip for Missionary Name Tag : Jons Clip BK for Missionary Name Tag BK,468773841143,40
SO109381,Official Missionary Name Tag,479010093225,3
SO109381,Official Missionary Name Tag,479010093225,1
SO109381,Official Missionary Name Tag,479010093225,2
SO109381,Official Missionary Name Tag,479010093225,2
SO109381,Official Missionary Name Tag,479010093225,2
SO109381,Official Missionary Name Tag,479010093225,3
SO109381,Official Missionary Name Tag,479010093225,1
SO109381,Official Missionary Name Tag,479010093225,4
SO109381,Official Missionary Name Tag,479010093225,4
SO109381,Official Missionary Name Tag,479010093225,4
SO109381,Official Missionary Name Tag,479010093225,2
SO109381,Official Missionary Name Tag,479010093225,2
SO109381,Official Missionary Name Tag,479010093225,2
SO109381,Official Missionary Name Tag,479010093225,2
SO109381,Official Missionary Name Tag,479010093225,2
SO109381,Official Missionary Name Tag,479010093225,2
SO109381,Official Missionary Name Tag,479010093225,2
SO109381,Official Missionary Name Tag,479010093225,2
SO109381,Official Missionary Name Tag,479010093225,2
SO109381,Official Missionary Name Tag,479010093225,2
SO109381,Official Missionary Name Tag,479010093225,2
SO109381,Official Missionary Name Tag,479010093225,2
SO109381,Official Missionary Name Tag,479010093225,4
SO109381,Official Missionary Name Tag,479010093225,4
SO109381,Official Missionary Name Tag,479010093225,2
SO109381,Official Missionary Name Tag,479010093225,4
SO109381,Official Missionary Name Tag,479010093225,1
SO109381,Official Missionary Name Tag,479010093225,1
SO109381,Official Missionary Name Tag,479010093225,2
SO109381,Official Missionary Name Tag,479010093225,2
SO109381,Official Missionary Name Tag,479010093225,2
SO109381,Official Missionary Name Tag,479010093225,4
SO109381,Official Missionary Name Tag,479010093225,4
SO109381,Official Missionary Name Tag,479010093225,4
SO109381,Official Missionary Name Tag,479010093225,4
SO109381,Official Missionary Name Tag,479010093225,2
SO109381,Official Missionary Name Tag,479010093225,2
SO109381,Official Missionary Name Tag,479010093225,1
SO109381,Official Missionary Name Tag,479010093225,1
SO109381,Official Missionary Name Tag,479010093225,1
SO109382,Official Missionary Name Tag,479010093225,1
SO109382,Official Missionary Name Tag,479010093225,1
SO109383,Official Missionary Name Tag,479010093225,1
SO109383,Official Missionary Name Tag,479010093225,1
SO109383,Official Missionary Name Tag,479010093225,1
SO109383,Official Missionary Name Tag,479010093225,1
SO109383,Official Missionary Name Tag,479010093225,1
SO109385,9780740930638 BYU CUSTOM - CD Logger Pro 3 (version 3.8.7) ( : 9780740930638 BYU CUSTOM - CD Logger Pro 3 (version 3.8.7) ( N,9780740930638,1
SO109386,"27"" iMac 5K 575X : 27"" iMac 5K 575X 3.1GHz 6C i5  8GB  1TB FD  575X MT2 MNK-E NONE",446566811825,1
SO109386,Apple 3-Year Imac Repair Agreement Institution Only.,433947549019,1
SO109388,9780842523509 Religions Of The World : 9780842523509 Religions Of The World U,2900842523508,1
SO109391,Official Missionary Name Tag,479010093225,2
SO109391,Official Missionary Name Tag,479010093225,2
SO109391,Official Missionary Name Tag,479010093225,1
SO109391,Official Missionary Name Tag,479010093225,1
SO109391,Official Missionary Name Tag,479010093225,4
SO109391,Official Missionary Name Tag,479010093225,4
SO109394,Jon's Clip for Missionary Name Tag : Jons Clip WH for Missionary Name Tag,405890900308,1
SO109394,Magnet Back Only Mtc,400034591947,2
SO109394,Official Missionary Name Tag,479010093225,1
SO109394,Official Missionary Name Tag,479010093225,1
SO109394,Official Missionary Name Tag,479010093225,1
SO109394,Official Missionary Name Tag,479010093225,1
SO109394,Official Missionary Name Tag,479010093225,2
SO109394,Official Missionary Name Tag,479010093225,1
SO109394,Official Missionary Name Tag,479010093225,1
SO109394,Official Missionary Name Tag,479010093225,1
SO109394,Official Missionary Name Tag,479010093225,1
SO109394,Official Missionary Name Tag,479010093225,1
SO109394,Official Missionary Name Tag,479010093225,1
SO109394,Official Missionary Name Tag,479010093225,1
SO109394,Official Missionary Name Tag,479010093225,1
SO109394,Official Missionary Name Tag,479010093225,1
SO109394,Official Missionary Name Tag,479010093225,1
SO109394,Official Missionary Name Tag,479010093225,1
SO109399,Jon's Clip for Missionary Name Tag : Jons Clip BK for Missionary Name Tag BK,468773841143,1
SO109399,Official Missionary Name Tag,479010093225,1
SO109405,9780807734926 Reframing Educational Policy: Democracy Commu : 9780807734926 Reframing Educational Policy: Democracy Comm N,9780807734926,1
SO109406,"15"" MB Pro TB 555X : 15"" MB Pro TB 555X SG 2.6GHz 6C i7 16GB 256GB SSD 555X BK-E PAB",483624756346,1
SO109407,Jon's Clip for Missionary Name Tag : Jons Clip BK for Missionary Name Tag BK,468773841143,3
SO109407,Official Missionary Name Tag,479010093225,1
SO109407,Magnet Back Only Mtc,400034591947,1
SO109407,Official Missionary Name Tag,479010093225,1
SO109407,Official Missionary Name Tag,479010093225,4
SO109407,Official Missionary Name Tag,479010093225,1
SO109407,Official Missionary Name Tag,479010093225,1
SO109407,Official Missionary Name Tag,479010093225,1
SO109407,Official Missionary Name Tag,479010093225,1
SO109407,Official Missionary Name Tag,479010093225,1
SO109407,Official Missionary Name Tag,479010093225,3
SO109407,Official Missionary Name Tag,479010093225,1
SO109407,Official Missionary Name Tag,479010093225,1
SO109407,Official Missionary Name Tag,479010093225,1
SO109407,Official Missionary Name Tag,479010093225,1
SO109407,Official Missionary Name Tag,479010093225,2
SO109407,Official Missionary Name Tag,479010093225,2
SO109407,Official Missionary Name Tag,479010093225,2
SO109407,Official Missionary Name Tag,479010093225,1
SO109407,Official Missionary Name Tag,479010093225,1
SO109407,Official Missionary Name Tag,479010093225,1
SO109408,Official Missionary Name Tag,479010093225,1
SO109408,Official Missionary Name Tag,479010093225,1
SO109410,Apple Airpods Gen 2 With Remote and Mic Headphone,190199098428,1
SO109416,Official Missionary Name Tag,479010093225,2
SO109416,Official Missionary Name Tag,479010093225,1
SO109416,Official Missionary Name Tag,479010093225,1
SO109416,Official Missionary Name Tag,479010093225,1
SO109416,Official Missionary Name Tag,479010093225,2
SO109416,Official Missionary Name Tag,479010093225,2
SO109416,Official Missionary Name Tag,479010093225,1
SO109416,Official Missionary Name Tag,479010093225,1
SO109416,Official Missionary Name Tag,479010093225,1
SO109416,Official Missionary Name Tag,479010093225,1
SO109416,Official Missionary Name Tag,479010093225,1
SO109416,Official Missionary Name Tag,479010093225,1
SO109416,Official Missionary Name Tag,479010093225,1
SO109416,Official Missionary Name Tag,479010093225,1
SO109416,Official Missionary Name Tag,479010093225,1
SO109416,Official Missionary Name Tag,479010093225,1
SO109416,Official Missionary Name Tag,479010093225,1
SO109416,Official Missionary Name Tag,479010093225,1
SO109416,Official Missionary Name Tag,479010093225,1
SO109416,Official Missionary Name Tag,479010093225,1
SO109416,Official Missionary Name Tag,479010093225,12
SO109418,Chemical Engineering Tee Shirt Men's : Chemical Engineering Tee Shirt Men's NV XL,423288059193,1
SO109420,Official Missionary Name Tag,479010093225,10
SO109420,Official Missionary Name Tag,479010093225,2
SO109420,Official Missionary Name Tag,479010093225,1
SO109420,Official Missionary Name Tag,479010093225,8
SO109420,Official Missionary Name Tag,479010093225,2
SO109420,Official Missionary Name Tag,479010093225,2
SO109420,Official Missionary Name Tag,479010093225,1
SO109420,Official Missionary Name Tag,479010093225,3
SO109420,Official Missionary Name Tag,479010093225,5
SO109420,Official Missionary Name Tag,479010093225,1
SO109420,Official Missionary Name Tag,479010093225,4
SO109420,Official Missionary Name Tag,479010093225,2
SO109420,Official Missionary Name Tag,479010093225,4
SO109420,Official Missionary Name Tag,479010093225,2
SO109430,Dancesport Full Zip Jacket Men's JST90 : ROY+WH S Dancesport Full Zip Jacket Men's JST90,470631588251,1
SO109430,Dancesport Pants Men's PST91 : ROY S Dancesport Pants Men's PST91,445836679578,1
SO109430,Dancesport Duffel BG990S : ROY+BK Dancesport Duffel BG990S,411601155196,1
SO109431,Official Missionary Name Tag,479010093225,1
SO109431,Official Missionary Name Tag,479010093225,1
SO109432,Jon's Clip for Missionary Name Tag : Jons Clip WH for Missionary Name Tag,405890900308,1
SO109432,Jon's Clip for Missionary Name Tag : Jons Clip BK for Missionary Name Tag BK,468773841143,3
SO109432,Official Missionary Name Tag,479010093225,1
SO109432,Official Missionary Name Tag,479010093225,1
SO109432,Official Missionary Name Tag,479010093225,1
SO109432,Official Missionary Name Tag,479010093225,1
SO109432,Official Missionary Name Tag,479010093225,1
SO109432,Official Missionary Name Tag,479010093225,1
SO109432,Official Missionary Name Tag,479010093225,2
SO109432,Official Missionary Name Tag,479010093225,2
SO109432,Official Missionary Name Tag,479010093225,2
SO109432,Official Missionary Name Tag,479010093225,2
SO109432,Official Missionary Name Tag,479010093225,1
SO109432,Official Missionary Name Tag,479010093225,1
SO109432,Official Missionary Name Tag,479010093225,1
SO109441,Official Missionary Name Tag,479010093225,3
SO109441,Official Missionary Name Tag,479010093225,3
SO109441,Official Missionary Name Tag,479010093225,2
SO109441,Official Missionary Name Tag,479010093225,2
SO109441,Official Missionary Name Tag,479010093225,1
SO109441,Official Missionary Name Tag,479010093225,1
SO109441,Official Missionary Name Tag,479010093225,2
SO109441,Official Missionary Name Tag,479010093225,1
SO109441,Official Missionary Name Tag,479010093225,1
SO109441,Official Missionary Name Tag,479010093225,2
SO109441,Official Missionary Name Tag,479010093225,2
SO109441,Official Missionary Name Tag,479010093225,1
SO109442,Official Missionary Name Tag,479010093225,1
SO109442,Official Missionary Name Tag,479010093225,1
SO109442,Official Missionary Name Tag,479010093225,1
SO109442,Official Missionary Name Tag,479010093225,1
SO109442,Official Missionary Name Tag,479010093225,2
SO109442,Official Missionary Name Tag,479010093225,1
SO109442,Official Missionary Name Tag,479010093225,2
SO109442,Official Missionary Name Tag,479010093225,1
SO109443,9790558926808 Mymathlab Plus Standalone Code Card : 9790558926808 (MATH 111) Mymathlab Plus Standalone Card N,9790558926808,1
SO109444,Lxg BYU Seal 15Oz Mug,400048120065,2
SO109450,Official Missionary Name Tag,479010093225,1
SO109450,Official Missionary Name Tag,479010093225,2
SO109450,Official Missionary Name Tag,479010093225,1
SO109450,Official Missionary Name Tag,479010093225,1
SO109450,Official Missionary Name Tag,479010093225,2
SO109450,Official Missionary Name Tag,479010093225,1
SO109450,Official Missionary Name Tag,479010093225,1
SO109450,Official Missionary Name Tag,479010093225,1
SO109450,Official Missionary Name Tag,479010093225,1
SO109450,Official Missionary Name Tag,479010093225,4
SO109450,Official Missionary Name Tag,479010093225,1
SO109450,Jon's Clip for Missionary Name Tag : Jons Clip WH for Missionary Name Tag,405890900308,1
SO109452,Official Missionary Name Tag,479010093225,1
SO109452,Official Missionary Name Tag,479010093225,2
SO109452,Official Missionary Name Tag,479010093225,8
SO109452,Official Missionary Name Tag,479010093225,8
SO109452,Official Missionary Name Tag,479010093225,1
SO109452,Official Missionary Name Tag,479010093225,1
SO109452,Official Missionary Name Tag,479010093225,1
SO109452,Official Missionary Name Tag,479010093225,1
SO109452,Official Missionary Name Tag,479010093225,1
SO109452,Official Missionary Name Tag,479010093225,1
SO109452,Official Missionary Name Tag,479010093225,1
SO109452,Official Missionary Name Tag,479010093225,1
SO109452,Official Missionary Name Tag,479010093225,1
SO109452,Official Missionary Name Tag,479010093225,1
SO109452,Official Missionary Name Tag,479010093225,1
SO109453,Official Missionary Name Tag,479010093225,1
SO109453,Official Missionary Name Tag,479010093225,1
SO109455,Nike BCS Mens Therma PO Hood Beet P08452 : Nike BCS Mens Therma PO Hood Beet P08452 Black 2XL,885845145242,1
SO109455,Cougars vs Utah 3-Photo Dunk 36x12 Gator Board Poster,483052887599,1
SO109455,Teamwork Oval Y Basbeall Jersey SP19 : Teamwork Royal 2XL Oval Y Basbeall Jersey SP19,810382030553,1
SO109456,Gear Core Tee Beet G1301 : Gear Charcoal M Core Tee Beet G1301,763838954852,1
SO109457,9780740939112 BYU DIGITAL - HBS eCourse: MBA Students Regres,9780740939112,1
SO109458,Jon's Clip for Missionary Name Tag : Jons Clip WH for Missionary Name Tag,405890900308,1
SO109458,Official Missionary Name Tag,479010093225,2
SO109458,Official Missionary Name Tag,479010093225,1
SO109458,Official Missionary Name Tag,479010093225,2
SO109458,Official Missionary Name Tag,479010093225,2
SO109458,Official Missionary Name Tag,479010093225,1
SO109458,Official Missionary Name Tag,479010093225,1
SO109459,Official Missionary Name Tag,479010093225,1
SO109459,Official Missionary Name Tag,479010093225,1
SO109459,Official Missionary Name Tag,479010093225,1
SO109459,Official Missionary Name Tag,479010093225,1
SO109459,Official Missionary Name Tag,479010093225,2
SO109459,Official Missionary Name Tag,479010093225,1
SO109459,Official Missionary Name Tag,479010093225,1
SO109459,Official Missionary Name Tag,479010093225,1
SO109459,Official Missionary Name Tag,479010093225,1
SO109459,Official Missionary Name Tag,479010093225,1
SO109459,Official Missionary Name Tag,479010093225,1
SO109459,Official Missionary Name Tag,479010093225,1
SO109459,Official Missionary Name Tag,479010093225,1
SO109459,Official Missionary Name Tag,479010093225,1
SO109459,Official Missionary Name Tag,479010093225,3
SO109459,Jon's Clip for Missionary Name Tag : Jons Clip BK for Missionary Name Tag BK,468773841143,1
SO109459,Jon's Clip for Missionary Name Tag : Jons Clip WH for Missionary Name Tag,405890900308,1
SO109459,Official Missionary Name Tag,479010093225,2
SO109460,"Cosmo Baseball Bobblehead 6""",449465672832,1
SO109461,Official Missionary Name Tag,479010093225,1
SO109461,Official Missionary Name Tag,479010093225,1
SO109461,Jon's Clip for Missionary Name Tag : Jons Clip WH for Missionary Name Tag,405890900308,2
SO109461,Jon's Clip for Missionary Name Tag : Jons Clip BK for Missionary Name Tag BK,468773841143,6
SO109461,Magnet Back Only Mtc,400034591947,1
SO109461,Official Missionary Name Tag,479010093225,1
SO109461,Official Missionary Name Tag,479010093225,1
SO109461,Official Missionary Name Tag,479010093225,3
SO109461,Official Missionary Name Tag,479010093225,1
SO109461,Official Missionary Name Tag,479010093225,1
SO109461,Official Missionary Name Tag,479010093225,1
SO109461,Official Missionary Name Tag,479010093225,1
SO109461,Official Missionary Name Tag,479010093225,1
SO109461,Official Missionary Name Tag,479010093225,2
SO109461,Official Missionary Name Tag,479010093225,1
SO109461,Official Missionary Name Tag,479010093225,1
SO109461,Official Missionary Name Tag,479010093225,1
SO109461,Official Missionary Name Tag,479010093225,1
SO109461,Official Missionary Name Tag,479010093225,1
SO109461,Official Missionary Name Tag,479010093225,1
SO109461,Official Missionary Name Tag,479010093225,1
SO109461,Official Missionary Name Tag,479010093225,1
SO109461,Official Missionary Name Tag,479010093225,1
SO109461,Official Missionary Name Tag,479010093225,1
SO109461,Official Missionary Name Tag,479010093225,1
SO109462,9780740931352 BYU CUSTOM - RE-Integration: Brushing Up on Yo : 9780740931352 BYU CUSTOM - RE-Integration: Brushing Up on Yo N,9780740931352,1
SO109463,Gear Core Tee Oval G1301 : Gear Royal 2XL Core Tee Oval G1301,763838953923,1
SO109463,Gear Core Tee Oval G1301 : Gear Navy 2XL Core Tee Oval G1301,763838953855,1
SO109464,Gear Core Tee Beet G1301 : Gear Royal XL Core Tee Beet G1301,763838954968,1
SO109464,Gear Core Tee Sailor G1301 : Gear Royal XL Core Tee Sailor G1301,763838954562,1
SO109465,New Testament Student Manual,402107340001,1
SO109466,9780134479293 Revel Access W/Ebook Humanities 3E Vols 1&2 : 9780134479293 Revel Access W/Ebook Humanities 3E Vols 1&2 N,9780134479293,1
SO109468,BYU Chrome Clock,010943280414,1
SO109468,Bsc Dove Gray Quilted Temple Bag P03 P02,819191020045,1
SO109469,Official Missionary Name Tag,479010093225,1
SO109469,Official Missionary Name Tag,479010093225,1
SO109469,Jon's Clip for Missionary Name Tag : Jons Clip WH for Missionary Name Tag,405890900308,2
SO109469,Jon's Clip for Missionary Name Tag : Jons Clip BK for Missionary Name Tag BK,468773841143,4
SO109469,Official Missionary Name Tag,479010093225,1
SO109469,Official Missionary Name Tag,479010093225,1
SO109469,Official Missionary Name Tag,479010093225,1
SO109469,Official Missionary Name Tag,479010093225,1
SO109469,Official Missionary Name Tag,479010093225,1
SO109469,Official Missionary Name Tag,479010093225,1
SO109469,Official Missionary Name Tag,479010093225,1
SO109469,Official Missionary Name Tag,479010093225,1
SO109469,Official Missionary Name Tag,479010093225,1
SO109469,Official Missionary Name Tag,479010093225,1
SO109469,Official Missionary Name Tag,479010093225,1
SO109469,Official Missionary Name Tag,479010093225,1
SO109469,Official Missionary Name Tag,479010093225,1
SO109469,Official Missionary Name Tag,479010093225,1
SO109469,Official Missionary Name Tag,479010093225,1
SO109469,Official Missionary Name Tag,479010093225,1
SO109469,Official Missionary Name Tag,479010093225,1
SO109469,Official Missionary Name Tag,479010093225,1
SO109469,Official Missionary Name Tag,479010093225,1
SO109469,Official Missionary Name Tag,479010093225,1
SO109469,Official Missionary Name Tag,479010093225,1
SO109469,Official Missionary Name Tag,479010093225,2
SO109469,Official Missionary Name Tag,479010093225,1
SO109469,Official Missionary Name Tag,479010093225,1
SO109469,Official Missionary Name Tag,479010093225,1
SO109469,Official Missionary Name Tag,479010093225,1
SO109470,Rock Em White Oval Y Cougars Sock : Rock Em White Oval Y Cougars SockS/M,842322176595,1
SO109470,For Bare Feet Gray Sailor Cougar Utah No Show Sock,889536413146,1
SO109470,For Bare Feet Navy/White Oval Y Short Sock,884837589286,1
SO109470,Nike BCS M Volleyball Oval Word Tee P007090 : Nike BCS M Volleyball Oval Word Tee P007090 Navy XL,885845284873,1
SO109471,Hamilton Scripture Tote Regular Covenant,796795480874,1
SO109472,"Cosmo Baseball Bobblehead 6""",449465672832,1
SO109474,9780826317247 Wisdom Sits In Places : 9780826317247 Wisdom Sits In Places U,2900826317246,1
SO109474,"9780700300686 PACKET Life Stories - Culture, History and Per",9780700300686,1
SO109475,2019 Football Gameday Tee : White M 2019 Football Gameday Tee,810008920329,1
SO109476,Youth 2019 Football Gameday Tee : White L Youth 2019 Football Gameday Tee,810008920299,1
SO109476,Youth 2019 Football Gameday Tee : Royal L Youth 2019 Football Gameday Tee,810008920404,1
SO109476,Youth 2019 Football Gameday Tee : Navy S Youth 2019 Football Gameday Tee,810008920169,1
SO109476,BSC Socks Oval Y BYU Crew Royal Pattern,494470263421,1
SO109476,Wee Ones Oval Y Lightning Crew Sock Men's,760068637678,1
SO109476,BSC Socks Oval Y Tie Die BYU Crew,438392105193,1
SO109476,Youth 2019 Football Gameday Tee : Navy XL Youth 2019 Football Gameday Tee,810008920190,1
SO109477,9786722730081 Learning Style Inventory 3.1 : 9786722730081 Learning Style Inventory 3.1 N,9786722730081,1
SO109478,2019 Football Gameday Tee : White XL 2019 Football Gameday Tee,810008920343,1
SO109478,Ouray Cougars 1875 Tee SP19 21010 : Ouray Gray XL Cougars 1875 Tee SP19 21010,193065722526,1
SO109479,9780740939112 BYU DIGITAL - HBS eCourse: MBA Students Regres,9780740939112,1
SO109480,BYU Tiki Totem,400055013428,1
SO109481,9780393647457 Smartwork W/Ebook Access For Chem: Atoms-Focus : 9780393647457 Smartwork W/Ebook Access For Chem: Atoms-Foc N,9780393647457,1
SO109481,9780700303533 PACKET Chemistry 106 Practice Problems,9780700303533,1
SO109481,9786824723127 Podia Access Code,9786824723127,1
SO109482,RA Brigham Flat Brim Tee RA139 : RA Brigham Flat Brim Tee RA139 Gray XL,471094396377,1
SO109483,9780740939112 BYU DIGITAL - HBS eCourse: MBA Students Regres,9780740939112,1
SO109484,9781611661408 YMTNF - Daring to Dream,9781611661408,1
SO109485,Nike 2019 BYU Football Gameday Tee : Nike Royal 3XL 2019 BYU Football Gameday Tee,091203077982,1
SO109486,Ghana Accra West Mission Pin BB,603784523682,1
SO109489,9780700376940 PACKET ECON 110 PowerPoints,9780700376940,1
SO109490,Rico BYU Laser Engraved Brown billfold Wallet,767345551672,1
SO109491,Gear Core Tee Brigham Young Oval G1301 : Gear White M Core Tee Brigham Young Oval G1301,763838954371,1
SO109491,Insights From a Prophet's Life Russell M Nelson Dew,9781629725918,1
SO109492,9780740939112 BYU DIGITAL - HBS eCourse: MBA Students Regres,9780740939112,1
SO109493,2019 Football Gameday Tee : Navy 3XL 2019 Football Gameday Tee,810008920251,1
SO109493,Nike 2019 BYU Football Gameday Tee : Nike Royal 3XL 2019 BYU Football Gameday Tee,091203077982,1
SO109494,BYU Navy Chrome License Frame,094746965716,1
SO109495,Zephyr Pink Womens Beetdigger Cap,632389728925,1
SO109496,Downeast White Everyday Essential Tee : XL WH Downeast White Everyday Essential Tee,886849763562,4
SO109496,Downeast Egret Everyday Essential Tee : XL IV Downeast Egret Everyday Essential Tee,886849763548,3
SO109497,Official Missionary Name Tag,479010093225,1
SO109497,Official Missionary Name Tag,479010093225,1
SO109497,Official Missionary Name Tag,479010093225,1
SO109497,Official Missionary Name Tag,479010093225,1
SO109497,Official Missionary Name Tag,479010093225,1
SO109497,Official Missionary Name Tag,479010093225,1
SO109497,Official Missionary Name Tag,479010093225,1
SO109497,Official Missionary Name Tag,479010093225,1
SO109497,Official Missionary Name Tag,479010093225,1
SO109497,Official Missionary Name Tag,479010093225,1
SO109497,Official Missionary Name Tag,479010093225,1
SO109497,Official Missionary Name Tag,479010093225,1
SO109497,Official Missionary Name Tag,479010093225,1
SO109497,Logo Only Name Tag - Black Mtc,400015029872,100
SO109498,2019 Football Gameday Tee : Royal L 2019 Football Gameday Tee,810008920442,1
SO109498,2019 Football Gameday Tee : Royal 2XL 2019 Football Gameday Tee,810008920466,1
SO109499,Jon's Clip for Missionary Name Tag : Jons Clip BK for Missionary Name Tag BK,468773841143,3
SO109499,Jon's Clip for Missionary Name Tag : Jons Clip WH for Missionary Name Tag,405890900308,2
SO109499,Official Missionary Name Tag,479010093225,1
SO109499,Official Missionary Name Tag,479010093225,1
SO109499,Official Missionary Name Tag,479010093225,1
SO109499,Official Missionary Name Tag,479010093225,1
SO109499,Official Missionary Name Tag,479010093225,1
SO109499,Official Missionary Name Tag,479010093225,1
SO109499,Official Missionary Name Tag,479010093225,1
SO109499,Official Missionary Name Tag,479010093225,1
SO109499,Official Missionary Name Tag,479010093225,1
SO109499,Official Missionary Name Tag,479010093225,2
SO109499,Official Missionary Name Tag,479010093225,1
SO109499,Logo Only Name Tag - Black Mtc,400015029872,3
SO109499,Logo Only Name Tag - Black Mtc,400015029872,3
SO109499,Logo Only Name Tag - Black Mtc,400015029872,10
SO109501,9780740939112 BYU DIGITAL - HBS eCourse: MBA Students Regres,9780740939112,1
