Author,ISBN,Title,Quantity,Semester
"Ackerley, C",9780802140494,Grove Companion to Samuel Beckett,1,185
"Allen, J",9781626610187,More Than Just Fairy Tales,4,
"Andersen, H",9780393060812,Annotated Hans Christian Andersen,7,
Annual Edition,9781259359606,Aging 15/16,3,
"Appleyard, D",9780078021671,International Economics,4,
"Arnold, J",9781942799856,New Ways in Teaching w/ Music,2,
"Arvin, G",9780793559381,15 American Art Songs - Low Voice,3,
"Azar, B",9780134646114,Basic English Grammar 4E,1,
"Azar, B",9780132455466,Understanding and Using English Grammar,14,
"Bachelard, G",9789681609238,La Poetica del Espacio,2,
Balmer,9780231165990,Mormonism and American Politics,2,185
"Bard, K",9780470673362,An Introduction to the Archeology of Ancient Egypt 2E,1,
"Barker, J",9781442635920,Ancestral Lines,3,
"Baruh, H",9781482250732,Applied Dynamics,1,
"Bauer, L",9780140260236,Language Myths,1,
"Baym, N",9780393913095,Norton Anth Of Amer Lit 8E Vol A & B,1,
"Beckett, S",9780802132871,"I Can't Go On, I'll Go On",1,
"Behrman, A",9781597564816,Speech & Voice Science 2E,10,
"Belk, M",9781323649015,Biology Science For Life,7,175
"Bentley, J",9780077412067,Traditions and Encounters 3E Vol. 2,30,
Bird,9780470115398,Transport Phenomena,1,
Bodie,9780077861674,Investments 10E,2,
"Bolton, R. ",9781631575358,The New Era of the CCO,1,
"Bosher, J",9780393959970,French Revolution,3,
"Boulin, J",9782234059238,Suppl√©ment Au Roman National,7,
"Bourel, G",9782218998638,Chronologie de l'Histoire de France,2,
"Boyle, M",9781337046350,Community Nutrition in Action,7,
"Bradford, M",9780934893688,Uncovering Original Text Of The Book Of Mormon,3,
"Brecht, B",9783518188255,Det gute Mensch von Sezuan,15,
"Breithaupt, R",9786740691111,The Complete Percussionist ,1,
"Brewer, R",9781440347733,Writer's Market 2017,1,
Brigham Young Univ.,9781269505543,Mmbio 221 Microbiology Byu Pkg,1,
,,Greatest Generation,7,
"Bronte, E",9780486292564,Wuthering Heights,2,
"Brooks, M",9781640120334,Strategy strikes back: How Starwars expl....,1,185
"Brough, R. ",9786744353749,Percussion Techniques DVD,2,
"Brown, J",9781305318366,Nutrition Through The Life Cycle - Byu Custom,6,
Buffman,9781936764891,Uniting Academic and Behaivoir Interventions,1,185
"Bugul, K",9782708707306,"Riwan ou, Le Chemin de Sable",2,
Bulliet,9781285436913,The Earth and Its Peoples,9,
"Bullough, R",9780807740453,Uncertain Lives,13,
"Burnett, B",9781524761813,The Designing Your Life Workbook,1,
BYU,9781308131337,Intro to Family Processes,1,
"Cadalso, J",9788437618104,Cartas Marruecas/Noches Lugubres (Catedra),9,
Campbell,9781285057477,Music in Childhood 4E W/Eresources,2,
"Carlson, M",9780996381611,Pathways To College Algebra Wkbk,9,
"Castellanos, R",9786071622082,Balun Canan,1,
"Catford, J C",9780199246359,Practical Intro To Phonetics 2E,2,
"Cavage, C",9780134400273,University Success,11,
"Cavanaugh, J",2901285444917,Adult Development and aging 7e,15,
"Cengel, Y",9780073529325,Thermodynamics 7E,1,
"Cervantes, M",9788437622156,Don Quijote de la Mancha,2,
Chabner,9781437705706,Language Of Medicine W/Cd 9E,1,
"Chamberlain, R",9780974234618,Ready to Play: Mental Training for Student-Athletes 2E,1,
"Champeny, S",9781626808546,Imaginez 3-H W/Supersite Plus Pkg 3E,4,
"Chinni, D",9781592406708,Our Patchwork Nation,16,
"Choi, E",9788953934344,Seoul National University Korean Language 4A Student's Book,1,
Christensen,9780078025877,Advanced Financial Accounting 11E,8,
Church,9780710512222,Adjusting to Missionary Life,36,
"Church, P",2900470824817,A Short History of South-East Asia,3,
"Clawson, D",9780199759248,Latin America & Caribbean 5E,5,
"Clemensson, P",9781593312763,Your Swedish Roots,4,
"Cleve, B",9780240806952,Film Production Management 3E,1,
"Cohen, M",2900691008249,The Autobiography of a Seventeenth-Century Ventian Rabbi,6,
"Cohen, M",9786965350008,Agada Shel Safa  (Hebrew What a Language),2,
"Cole, R",9780195170801,Survey of Subsaharan Africa,5,
"Collins, S",9781618530745,Skills For Acctg & Auditing Research 2E,1,
"Condie, K",9780128036891,Earth as an Evolving Planetary System,1,
"Cone, J",9781591473626,Dissertations and Theses From Start to Finish,2,
"Cook, M",9780199931774,Struggle For Egypt,1,
"Cooke, L",9780984522903,The Genealogist's Google Toolbox,4,
"Cormer, R",9780756936365,Tenderness,3,
"Corsini, R",9781285083711,Current Psychotherapies 10e,1,
Crenshaw,9781462517503,Play Therapy,3,
"Crosthwaite, L",9786074212129,Idos de la Mente,9,
Cunningham,9781285896045,Culture and Values 8E Vol 1 3-Hole,1,
"Cunningham, L",9781133952435,Culture and Values: Survey of the Western Humanities 8E Vol 2,4,
"Cunningham, L",9781133952435,Culture and Values: Survey of the Humanities 8E V2,1,
"D'Ambrogio, K",9780815100966,Positional Release Therapy,1,
Damrosch,9780205223169,Longman Anth Of Brit Lit Vol 1,1,
"Damrosch, D",2900205625931,The Longman Anthology: World Literature ,2,
Dante,9780451531391,Inferno (Ciardi),2,
Dauster,9780919659391,9 Dramaturgos Hispanoamericanos: Antologia del teatro hispanoamericano del siglo xx,2,
"Davidson, E",9781480102699,Actionable Evaluation Basics,1,
"Davis, P",9780395929681,The Mathematical Experience,6,
"De Angelis, L",9788874334636,Incontri Con La Poesia Italiana Del Novecento,,
"De la Barca, C",9788497404471,La Vida Es Sueno,1,
"De Lery, J",9780520082748,History Of Voyage To Land Of Brazil,1,
De Luliis,9780123750600,The Dissection of Vertebrates,3,
"De Vega, L",9788437602738,FUENTE OVEJUNA (CATEDRA),11,
"Demos, j",9780679759614,The Unredeemed Captive,1,
"Destler, L",9780881323825,American Trade Politics,18,
"DiPaolo, M",9780786447183,"War, Politics and Superheroes",1,185
"Dominguez Ortiz, A",9788496467514,Espana Tres milenios de historia,32,
"Donnelly, J",9780152053109,Northern Light,5,
Donoghue,9780316098328,Room,1,
"Dostoevsky, F",9781593081942,House of the Dead & Poor Folk,3,
"douglas, p",9781615930586,Writing the tv drama series,,195
Duden,9783411040674,Ausspracheworterbuch Duden Nummer 6 7E,5,
Dufour,9781943874378,Learning By Doing,3,185
"Dunn, F",978156881723,3D Math Primer for Graphics and Game Development,11,
"Ebnar-Eschenbach, M",9781571133908,Their Pavel,2,
Ehrlich,9780763610340,When I Was Your Age Vol 1,7,
"Eismann, K",9780321316271,Adobe Photoshop Restoration & Retouching 3E,3,
Erasmus,9781110345830,"Ciceronianus; or, a dialogue on the best style of speaking",3,
"Espronceda, J",9788437610269,"El Diablo Mundo. El Pelayo, Poesias ",10,
"Espronceda, J",9788437600109,El estudiante de Salamanca ,9,
"Evergreen, S",9781506303055,Effective Data Visualization,,
"Eyring, H",9781570087103,Learning in the Light of Faith,2,
"Faber, D",9781454869252,Disaster Law & Policy 3E,1,
"Fallon, R",9781599413426,Federal Courts And The Federal System 6E,1,
"Fangyuan, Y",9787513534017,Survival Chinese 101,6,
Farrand,9780300000795,The Framing of The Constitution of the United States,2,
"Festa-Bianchet, M",9781597261715,Mountain Goats,3,
"Finkelman, P",9780312115944,Dred Scott Vs Stanford,4,
"Fisch, R",9780875895215,Tactics of Change: Doing Therapy Briefly,1,
"Fleischman, P",9780312629112,Whirligig,4,
"Forlini, G",9780979642449,Class Acts: Every Teacher's Guide to Activate Learning,1,
Frank,9780691155999,Dostoevsky: His Life and Work,1,
Freeman,9780134283463,Ebook Biological Sci W/Masteringbiology 6E,3,
"Frieden, J",9780393912388,World Politics 2E,22,
"Friedman, T ",9780312425074,The World is Flat ,22,
Frith,9780674661967,Performing Rites: On the Value of Popular Music,12,
"Fuchs, R",9780878919666,Sociology Essentials,26,
"Fujii, N",9780824832520,Aozora,3,
Funk,9780226271101,Greek Grammar Of New Testament,2,
"Furr, N",9781625271464,Innovator's Method: Bringing Lean Start-Up,12,
"Gause, F",9780521137300,International Relations of the Persian Gulf,2,
"Gehring, S",9789517925433,Suomen Mestari Volume 1,11,
"Gerber, M ",9780983500179,Emyth Landscape Contractor (Hardback),19,
"Gere, J",9781111577735,Mechanics Of Materials 8E,20,
"Gippert, J",9783110184068,Essentials of Language Documentation,1,
"Gilroy, A",9781604069204,(Pkg) Atlas Of Anatomy 2E + Anatomy Essential Text,1,
"glenville, C",9780993543128,What Clients Really Want ,2,185
"Goldsmith, E",9780131590496,Consumer Economics 2E,2,
"Goldsmith, J",9780226301518,The Chicago Guide to Your Academic Career,2,
"Gonzalez, R",9780199754915,Modern Latin American Literature,1,
"Goodwin, D",9780684847955,Wait Till Next Year,11,
Gospel,9786710517991,Gospel Teaching And Learning 10581,42,
"Graham, B",9781506350585,America the owner's manual,1,191
"Graham, D",9780521608428,The Texts of Early Greek Philosophy,1,
"Greenberg, B",9780671602703,How to Run a Traditional Jewish Household,2,
"Greenblatt, S",9780393912524,Norton Anth of English Lit 9E VD,1,
"Greenwood, V",9780806320663,Researcher's Guide to American Genealogy 4E,4,
"Greer, A",9780195309348,Mohawk Saint: Catherine Tekakwitha and the Jesuits,10,
"Greer, A",9780312167073,Jesuit Relations: Natives & Missionaries in 17th Century,1,
"Greethman, D C",9780815317913,Textual Scholorship,2,
"Gregoire, M",9780132620819,Foodservice Organizations 8E,12,
"Grieco, J",2900393974194,State Power+ World Markets ,1,
"Gueno, J",9782290038628,Paroles D'etoiles,1,
"Hacker, D",9781319011130,A Pocket Style manual,1,191
"Hamsum, K",9788205394810,Sult,5,
"Handley, G",9781780992709,American Fork,2,
"Harrelson, G",9781556427398,Administrative Topics In Athletic Training,7,
Hartzen Busch,9788437602745,LOS AMANTES DE TERUEL (CATEDRA),,
Harvard Bus,9781422104606,What is Marketing?,1,
"Hawking, S",9780553103748,The Illustrated A Brief History of Time: Updated,20,
"Hawkins, A",9781465220653,Ebook Practically Magic 2E Rev,43,
"Helms, J",9781118741030,Majoring in Psychology,1,191
"Henley, B",9780822202509,Crimes Of The Heart,2,
"Hennessy, J",9780128119051,Computer Architecture,1,
"Hennig, B",9783484108097,Kleines Mittelhochdeutsches Worterbuch,1,
"Henretta, J",9780312452865,America's History V2 (Since 1865) 6E,1,
"Heppner, E",9780803272811,Shanghai Refuge,20,
"Hepworth, D",9780840028648,Direct Social Work Practice Theory and Skills,20,
"Herber, M",9780806317717,Ancestral trails,13,
"Hergenhahn, B",9781133958093,Intro To History Of Psychology 7E,4,
Hickman,9781308344393,Bioloical Diversity: Animals,1,185
"Hinckley, J",9781516504625,The Educated Listener 2nd Ed.,11,
"Hintze, L",9786757302109,Geologic Highway Map,1,
Hockenberry,978032324985,E-book: Wong's Nursing Care of Infants and Children  10E,9,
Hockenberry,9780323222419,Wong's Nursing Care of Infants and Children 10E,14,
"Hoffman, J",9780871014573,Linear Regression Analysis: Assumptions & Apps,7,
"Hoffman, R",9780307888907,The Start-Up of You,3,
"Holcombe, C",9780824824655,The Genesis of East Asia,5,
"Holifield, E",9780300107654,Theology in America,10,
"Holt, B",9780669462937,Major Problems in African Amer Hist V2,7,
"Holt, K",9780312660956,My Louisiana Sky,2,
Homer,9780140275360,The Illiad,1,191
"Howard, J",9781475050158,Korean Genealogy Guide,1,
Hughes. T,9780486411811,The Finite Element Method,1,185
"Hunkin, G",9780824831318,Gagana Samoa,1,
"Hunston, S",9780521805834,Corpora in  Applied Linguistics ,1,
"Hussain, K",978097727147451795,Pakkis,3,
"Iber, j",9781585442058,Hispanics In The Mormon Zion 1912-1999,6,
"Ibsen, H",9780486426860,Peer Gynt 1E,8,
"Imwinkeleied, E",9781632814838,Evidentiary Foundations,`1,
"Ingledew, J",9781856697149,The A-Z Of Visual,2,
Isom-Verhaaron,9780253019431,Living In The Ottoman Realm,1,
"Iwasaki, S",9789027238184,Japanese,1,
"Jackson, K",9781944394028,A Bible Reader's history of the Ancient World,1,
"Jefferson, T",9781604592689,U.S. Constitution,7,
"Jeppesen, B",9788723048554,Under Overfladen,1,
"Johnson, C",9780393341812,Microstyle,6,
"Julier, G",9780500203798,The Thames & Hudson Dictionary of Design Since 1900 2E,1,
"Jung, C",9780440351832,Man & His Symbols,1,
Kamana,9780988783010,Na Kai Ewalu Beginning Hawaiian Lessons Textbook 1,7,
1,9781107401068,Groundwork of the Metaphysics of Morals,,
Kaplan,9781506214351,ACT Prep Plus 2018,2,
"Kaplan, R",9781133492016,Psychological Testing 8E,3,
"Katzenbach, J",9781422189870,HBR's 10 Must reads,2,
"Kelling, h",9781308592329,Deutsche Kulturgeschichte 3E Custom Create,5,
Kerin,9780077729035,Marketing Core 6E,2,
"Kernell, S",9781483319840,The Logic of American Politics 7E,31,
"Kernell, S",9781452276496,The Logic of American Politics 6E,17,
"King, R ",ons,La Cupola Di Brunelleschi,17,
"King, S",9780451168610,Skeleton Crew,3,
"Kissi, E",9780842525442,Walking in the Sand,,
"Kisslinger, E",9780132345248,Contemporary Topics ,30,
"Klein, W",9780310524175,Intro To Biblical Interpretation 3E,2,
"Koeppen, B",9780323073622,Berne & Levy Physiology 6E Rev W/ Student Consult Access,1,
"L'amour, Louis",9780553264463,Bendigo Shafter,9,
"La Plante, J",9780697115911,Asian Art 3E,1,
"Lambdin, T",9780023672507,Intro To Biblical Hebrew,1,
"Laxness, H",9780679767923,Independent People,1,
LDS Scriptures,9786710511647,Die Boek Van Mormon (BOM in Afrikkans),9,
"Leclerc, M",9780880822602,Genealogist's Handbook for new England Research 5E,1,
"Lee, J",9780871545473,The Asian American Acheivement Paradox,1,191
"Leon, P",9781551309606,Structures Du Francais Moderne,5,
"Leopardi, G",9788804686248,I Canti (Mondadori),2,
"Leopardi, G",9788804557289,Le Operreti Morali (Mondadori),9,
"Levine, S",9781934759851,Hollywood From Below The Line,1,
"Lewis, CS",9780060652951,The Great Divorce,1,
Lima,9788512545707,Novo Avenida Brisil 2,5,
Lind,9780195341416,AMERICAN WAY OF STRATEGY,2,
"Lindsey, R",9781412970860,Culturally Proficient Education,3,
"Love, C. ",9780139536397,Webster's New World Italian Dictionary,6,
"Lucas, S",9780072826951,Dinosaurs: The Textbook 5E,6,
"Luebben, C",9780762770014,Knots For Climbers 3E,1,
"Lunt, B",9780130943873,Electronic Physical Design 1E (Pod),2,
"Lutrin, B",9780620325844,Afrikaans Handbook and Study Guide,7,
"Lynch, M",9781610392358,Arab Uprising,2,
"Lyons, J",9781608190584,House Of Wisdom,5,
"Machado,j",9780195101706,The PosthumousMemoirs of Bras Cuba,2,
"Macionis, J",9780134206325,Society: Basics,1,
"Maclachlan, C",9780842051231,History Of Modern Brazil,2,
"Madsen, A",9781609080808,Opening Isaiah ,1,
"Maisto, S",9781285455518,Drug Use & Abuse 7E,13,
"Malone, M",9780803260221,American West 2E,1,
Mancomm,9781599597171,OSHA Construction Industry Regulations,8,
"Mangrum, R",9780314875648,Mangrum And Benson On Utah Evidence 2018,1,
"Marin, T",9789607706287,La Prova Orale 1,4,
"Marion, M",9780133551396,Ebook Guidance Of Young Children Access Card 9E,6,
"Marschner, S",9781482229394,Fundamentals of Computer Graphics ,8,
"Marsh, C",9780205031979,Strategic Writing 3E,3,
"Marshal, S",9781770859623,Insects: Their Natural History and Diversity,1,
"Marty, M",9780140082685,Pilgrims in their own Land,13,
"Masser, D",9781107061576,Auxiliary Polynomials In Number Theory,1,
"Mazuni, A",9788842538516,I Promessi Sposi,15,
Mazur,9780415485371,God In Details 2E,1,
"McCarthy, C",9780307387899,The Road,1,
"Mckay, J",9781457642166,History Of Western Society 11E Vol A,1,
"Mee-Jeong, P",9780824836511,Integrated Korean Workbook Intermediate 1 ,2,
Meinig,9780195025361,The Interpretation of Ordinary Lanscapes,2,
"Melchert, N",9780190670610,The Great Conversation,3,191
"Melchert, N",9780190670634,The Great Conversation Volume II,3,191
Menn,9781597567121,Psycholinguistics,1,
"Merrill, R",9780763766221,Introduction To Epidemiology 5E,1,
"Meyerink, K",9780916489700,Printed Sources: Guide Published Genealogical Records 3E,4,
"Milkovich, G",9780078029493,Compensation 11E,2,
"Mills, E",9790806318065,Evidence Explained : Citing History Sources From Artifacts 2,1,
"Mills, E",9780806316482,Profssional Geanealogy ,1,
"Mohamad, M",9789812616500,The Malay Dilemma ,9,
"Molina, A",9786070725296,Como la sombra que se va ,4,
"Montero, R",9788466318778,Historia del Rey Transperente ,11,
"Moore, D",9781319124854,Ebook Basic Practice Of Stats 7E W/Launchpad Access,1,
"Moore, K",9780590674447,If You Lived at the Time of the American Revolution,1,
"Morling, B",9780393936933,Research Methods in Psychology 2E,14,
"Morris, T",2900842529975,Landscapes of Utah's Geologic Past,1,
"Motion, A",9780571228287,Here to Eternity ,4,
Muriel,9781540719546,Laxdaela Saga,3,
"Murphy, A",9781442223462,The European Culture Area,9,
"Murray, D",9781472942241,The Strange Death of Europe,1,
"Murrin, J",9781305084131,Liberty Equality Power 7E,1,
"Myers, D",9781464170041,Psychology 11E,2,
"Nair, K",9781576750117,Higher Standard Of Leadership,1,
Napier,9781862877801,Sign Language Interpreting,9,
"Neelands, J",9780521787291,Structuring Drama Work 2E,3,
"Nelson,M",9781452240435,The Presidency and the Political System,1,181
New Testament,9786071519856,New Testament Student Manual Item# 10734000,9,
"Nichols, B",9780253222602,Intro To Documentary 2E,1,
"Nilsen, G",9788211021724,Klart Det! ,47,
"Nilsen, G ",9788211021731,Klart Det! Workbook,23,
"Nix, G",9780061474354,Sabriel,1,
"Noble, D",9781930618756,Mesa Verde World,2,
Norris Leslie,9781854114679,Leslie Norris: The Complete Poems,5,
"Northup, S ",2901604592152,Twelve Years a Slave ,4,
"O'Neill, R",2901285734827,Functional Assesment andd Program Development for Problem Behavior ,3,
"Obata, C",9781890771263,Topaz Moon,2,
"Oelwein, P",9780933149557,Teaching Reading Children W/ Downs Syndrome,1,
"Offord, D",9781853993619,Modern Russian,1,
"Ornstein, A",9781337444101,Found Of Education Byu Acp 13E,2,
"Orwell, G",2900451526341,Animal Farm ,89,
Oxford,9780190908522,Four separate world music paperback books,1,
"Park, M",9780824834500,Integreated Korean Workbook Beginning 1,2,
"Park, M",9780824836511,Integrated Korean Workbook Intermediate 1,1,
"Park, M",9780824838676,Integrated Korean Wkbk: Intermediate 2 2e,1,
"Parkinson, S",9781855662674,A Companion to Portuguse Literatue,1,
"Paton, J",9780739002735,Gateway To German Lieder Low Voice,3,
"Paton, J",9780739001066,Gateway To German Lieder High Voice,5,
"Paton, J ",9780739035498,Italian Art Songs ,3,
Pearson ,2901269218053,Living Religions ,2,
"Percoco, J",9781625311436,Take the Journey,2,
"Perry, M",9781305091597,Western Civilization: A Brief History V1 11E,28,
"Peterson, N",9780534641832,Role Of Work In People's Lives 2E,2,
"Pinel, J",9780205915576,Biopsychology,16,
"Polit, D",9781496300232,Nursing Research generating and assessing evidence...,2,185
"Potok, C",9780449213445,The Chosen,1,
"Preucell, R",9781405199131,Archaeological Semiotics,2,
"Putnam, R",9780691037387,Making Democracy Work,2,
"Pynes, J",9781118398623,HR Management for Public and Nonprofit Org 4E,1,
"Rakove, J",9780679781219,Original Meanings: Politics & Ideas Making Const,1,
"Rath, t",9781595620255,Strengths Based Leadership: Great Leaders Tea,29,
"Remarque, E",9780449213940,All Quiet On Western Front,1,
"Rencher, A",9780470178966,Methods of Multivariate Analysis,1,
"Richards, M",9781507764862,Social Media: Dominating Strategies,2,
"Romney, M",9780133428537,Accounting Informations Systems 13E,12,
"Rorty, R",9780521358781,Essays on Heidegger and Others vol 2,1,
"Rosa, J",9788520932131,A Hora E Vez De Augusto Matraga (Nova Fonteira),6,
"Rufe, P",9780872638778,Fundamentals Of Manufacturing Workbook 3E,5,
"Rye, c",9781947172517,Biology,2,185
"Sahlins, M",9780226733692,How Natives Think,1,
Schultz,9781121393752,Engineering Drawing with CAD Application,23,
"Sansom, R",9780738092690,Lab Manual 3E,21,
Sawyer,9781337442145,Tax Research Methodology,9,
"Sawyer, C",9780072480665,Chemistry for Environmental and Engineering and Science,1,
"Schacter, D",9781464122248,Ebook Psychology 3E (6 Mo Access),3,
"Schubert, F",9780793546435,100 Songs Low Voice (Hl 00740028),2,
"Schupp, K",9781450437165,Studying Dance ,2,
"Schwiebert, P",9780961519766,Tear Soup,3,
"Sebastiani, A",9780895826831,Mammilian Anatomy 2E: The CAT ,4,
"Sedwick, C",9780813512228,Hope Leslie,10,
"Shakespeare, W",9780451526939,King Lear,1,
"Shakespeare, W",9780393929584,Hamlet,1,
"Shakespeare, W",9780451526922,Hamlet,2,
"Shrager, E",9780979320033,Th World Language Daily Tech Guide,2,
"Shulman, H",9781609302672,Cases And Materials On The Law Of Torts,4,
"shy, o",9780262691796,Industrial Organization,1,191
"Silverstein, R ",9780470616376,Spectrometric Identification of Organic Compounds ,1,
Simon,9780134256856,Campbell Essen Biol 3-H 6E W/Masteringbiology & Etext,11,
"Skram, A",9788253026336,Pa St. Jorgen,2,
Smith,9781337690522,ACC 402 Cost and Managerial Accounting,84,
"Smith,E",9780307353368,How to Make books,1,
"Snow, D",9780205941223,National Security For New Era 5E,1,
"Socolow, S",9780521476423,Women Of Colonial Latin America,2,
Spanish 339 BYU,9781308104812,Introduction to Hispanic Lit,11,
"Spence, J",9780140080988,Memory Palace of Matteo Ricci,26,
"Spencer, J",9781589586321,Vision Of All: Twenty-five Lectures on Isaiah in Nephi's Record,4,
St. Augustine,9780385029100,City of God,2,
"Stedje, A",9783825214999,Deutsche Sprache Gestern und Heute,4,
"Steinberg, L",9780073532110,Adolescence 10E,5,
"Stern, A",9781626540637,How to See Color and Paint It,4,
"Steves, R",9781631216725,London 2018,1,185
Stewart,9781337382571,Calculus Print Option (LL) Math 112 113 314,1,
"Stone, E",9781609015008,Dynamics Of Fashion 4E,1,
"Strayer, R",9780312583484,Ways of the World: Brief Global Hist. w/Sources 2E,1,191
"Strong, A",9780740933646,BYU Custom: Plastics: Materials and Processing,1,
"Sun, L",9781454886815,Structures of the Constitution,1,191
Taber,9780803659049,23 Taber's cyclopedic medical dictionary,1,191
"Tarmon, A",9789653760103,Hebrew Verb Tables (Tamir Pub Jerusalem),1,
"Taruscin, R",9780199346875,Music in 19th Century + Anth Western Music V2,2,185
"Taylor, S",9781259438738,Health Psychology 9E,1,
"Thwe, P",9780060505233,From the Land of Green Ghosts,1,
"Trager, R",9781506303413,Law Of Journalism & Mass Communication 5E,1,
"Trager, R",9781452239989,Law Of Journalism & Mass Communication 4E,1,
"Trappe, W",9780131862395,Introduction to Cryptography with Coding Theory 2E,1,
"Tree, D",9780390770790,Intermediate Thermodynamics,5,
"TseTung, M",9780835123884,Quatations from Chairman Mao Tseung,11,
"Tunnell, M",9781461199502,The Children of Topaz,3,
"Turgeon, M",9780323225458,Clinical Laboratory Science,1,
"Turley, S",9780740933417,Byu Digital - Physical Science Foundations 2016,13,
"Tygiel, J",9780195339284,Baseballs Great Experiment,2,
"Vallejo, A",9788467033496,En La Ardiente Oscuridad,2,
"Vallejo, A",9788467039627,Las Meninas (Austral #473),4,
"Van De Mieroop, M",9781405160711,A History of Ancient Egypt,3,
"van Valin, R",9780521635660,An Introduction to Syntax,8,
"Vardell, S",9781937057787,POETRY FRIDAY ANTH GRADES 6-8 COMMON CORE ED,2,
"Villoro, J",9786071633323,Tiempo Transcurrido,6,
"Viren, S",9780826359544,Mine: Essays,3,
Voltaire,9780486266893,Candide,2,
"Walder, A",9780674058156,China Under Mao,1,
"Warner, M",9780198718659,Once Upon A Time,6,
"Warren, R",9780822200185,All The King's Men,16,
"Weaver, M",9780495097266,Introduction to Christianity,15,
"Weil, I",9781618113962,From Cincinnati Reds To Moscow Reds,1,
"Weinstien, M",2901586421136,The Surprising Power of Family Meals,3,
"Welch, J",9780842527125,Legal Cases in the Book of Mormon,1,
"Watson, M",9781405170536,Defining Visions,5,
"Wescott, D",9781586850982,Primitive Techoloy II Ancestral skills,4,185
"Weston, J",9780486431918,Sir Gawain & The Green Knight,10,
"Whetten, D",9780136121008,Developing Management Skills,3,
"Wicander, R",2901111987298,Historical Geology 7E,4,
"Wilson, E",9780073382203,Living Theater: History 6E,8,
"Wimmer, R",9781133307334,Mass Media Research,1,
"Winchester, S",9780060838591,Krakatoa,11,
"Wong, W",9781305967090,Encore Niveau Intermediaire,2,
"Wong, W",9781337580755,Encore Niveau Intermediaire W/ACCESS CODE,1,
"Wooten, C",9780807866450,Hermogenes' On Types of Style,3,
"Wright, C",9780374532147,Sestets Poems ,1,
"Zarr, S",9780316036030,Once Was Lost,1,
"Zimmer, C",9781936221554,Evolution: Making Sense of Life,,191
"Zimmerman, W",9780374528935,First Great Triumph,6,
"Zorilla, J",9788437602134,Don Juan Tenorio,,
,,,,
,,,,
,,,,
,,,,
,,,,
,,,,
,,,,
,,,,
,,,,
,,,,
,,,,
,,,,
,,,,
,,,,
,,,,
,,,,
,,,,
,,,,
,,,,
,,,,
,,,,
,,,,
,,,,
,,,,
,,,,
,,,,
,,,,
,,,,
,,,,
,,,,
,,,,
,,,,
,,,,
,,,,
,,,,
,,,,
,,,,
,,,,
,,,,
,,,,
,,,,
,,,,
,,,,
,,,,
,,,,
,,,,
,,,,
,,,,
,,,,
,,,,
,,,,
,,,,
,,,,
,,,,
,,,,
,,,,
,,,,
,,,,
,,,,
,,,,
,,,,
,,,,
,,,,
,,,,
,,,,
,,,,
,,,,
,,,,
,,,,
,,,,
,,,,
,,,,
,,,,
,,,,
,,,,
,,,,
,,,,
,,,,
,,,,
,,,,
,,,6,